project,89
gutenbergs,1
the,5798
adventures,11
of,2776
sherlock,102
holmes,463
by,367
arthur,21
conan,4
doyle,4
this,533
ebook,10
is,1148
for,751
use,44
anyone,29
anywhere,4
at,782
no,398
cost,6
and,3070
with,877
almost,20
restrictions,2
whatsoever,2
you,1543
may,212
copy,14
it,1710
give,64
away,108
or,275
reuse,2
under,48
terms,24
gutenberg,31
license,17
included,4
online,4
wwwgutenbergnet,3
title,3
author,1
posting,1
date,11
april,3
18,1
2011,1
1661,1
first,87
posted,9
november,1
29,1
2002,1
language,2
english,10
start,16
produced,5
an,338
anonymous,2
volunteer,3
jose,2
menendez,2
sir,79
i,2994
a,2681
scandal,13
in,1815
bohemia,12
ii,3
redheaded,20
league,17
iii,3
case,110
identity,4
iv,2
boscombe,16
valley,7
mystery,22
v,2
five,36
orange,11
pips,12
vi,2
man,288
twisted,10
lip,12
vii,2
adventure,25
blue,24
carbuncle,7
viii,2
speckled,5
band,14
ix,2
engineers,3
thumb,16
x,2
noble,14
bachelor,8
xi,2
beryl,4
coronet,28
xii,2
copper,13
beeches,12
to,2761
she,426
always,58
woman,59
have,927
seldom,6
heard,113
him,433
mention,2
her,429
any,165
other,161
name,63
his,1159
eyes,87
eclipses,1
predominates,1
whole,45
sex,1
was,1409
not,656
that,1750
he,1465
felt,32
emotion,5
akin,3
love,18
irene,16
adler,16
all,404
emotions,1
one,370
particularly,7
were,349
abhorrent,1
cold,21
precise,3
but,652
admirably,4
balanced,1
mind,58
take,79
most,92
perfect,7
reasoning,11
observing,4
machine,16
world,14
has,286
seen,72
as,861
lover,7
would,327
placed,19
himself,73
false,4
position,22
never,107
spoke,27
softer,1
passions,1
save,37
gibe,1
sneer,5
they,202
admirable,3
things,29
observerexcellent,1
drawing,6
veil,8
from,511
mens,2
motives,3
actions,4
trained,4
reasoner,6
admit,2
such,117
intrusions,1
into,275
own,101
delicate,7
finely,1
adjusted,2
temperament,1
introduce,4
distracting,1
factor,3
which,776
might,126
throw,11
doubt,64
upon,466
mental,1
results,12
grit,1
sensitive,1
instrument,2
crack,3
highpower,1
lenses,1
be,646
more,175
disturbing,1
than,159
strong,33
nature,24
yet,87
there,502
late,27
dubious,1
questionable,2
memory,10
had,829
little,269
lately,7
my,1006
marriage,26
drifted,2
us,186
each,33
complete,12
happiness,3
homecentred,1
interests,4
rise,5
up,304
around,3
who,274
finds,4
master,10
establishment,1
sufficient,6
absorb,1
attention,24
while,67
loathed,1
every,81
form,13
society,14
bohemian,4
soul,10
remained,18
our,212
lodgings,8
baker,42
street,82
buried,6
among,35
old,70
books,9
alternating,1
week,25
between,60
cocaine,3
ambition,1
drowsiness,1
drug,4
fierce,6
energy,7
keen,11
still,80
ever,70
deeply,12
attracted,5
study,10
crime,32
occupied,1
immense,10
faculties,2
extraordinary,19
powers,6
observation,6
following,15
out,319
those,67
clues,3
clearing,8
mysteries,3
been,393
abandoned,3
hopeless,2
official,14
police,43
time,150
some,245
vague,10
account,20
doings,2
summons,2
odessa,1
trepoff,1
murder,7
singular,33
tragedy,6
atkinson,1
brothers,1
trincomalee,1
finally,19
mission,7
accomplished,2
so,447
delicately,1
successfully,1
reigning,3
family,30
holland,2
beyond,11
these,83
signs,13
activity,1
however,108
merely,10
shared,2
readers,1
daily,3
press,10
knew,57
former,3
friend,69
companion,30
nightit,2
on,391
twentieth,2
march,6
1888i,1
returning,11
journey,9
patient,8
now,231
returned,36
civil,3
practice,12
when,323
way,116
led,25
me,634
through,93
passed,41
wellremembered,1
door,140
must,171
associated,12
wooing,2
dark,37
incidents,5
scarlet,3
seized,10
desire,6
see,231
again,66
know,170
how,144
employing,2
rooms,27
brilliantly,2
lit,13
even,72
looked,51
saw,89
tall,12
spare,8
figure,19
pass,14
twice,16
silhouette,1
against,53
blind,4
pacing,3
room,133
swiftly,14
eagerly,4
head,67
sunk,9
chest,6
hands,72
clasped,1
behind,50
mood,2
habit,8
attitude,2
manner,28
told,50
their,97
story,34
work,87
risen,4
drugcreated,1
dreams,2
hot,9
scent,6
new,33
problem,21
rang,4
bell,14
shown,20
chamber,16
formerly,4
part,36
effusive,1
glad,18
think,174
hardly,50
word,41
spoken,12
kindly,16
eye,24
waved,4
armchair,15
threw,29
across,37
cigars,5
indicated,5
spirit,1
gasogene,1
corner,32
then,366
stood,35
before,165
fire,44
over,177
introspective,3
fashion,20
wedlock,1
suits,2
remarked,64
watson,81
put,69
seven,28
half,39
pounds,42
since,39
answered,56
indeed,62
should,212
thought,77
just,125
trifle,4
fancy,15
observe,19
did,153
tell,98
intended,1
go,98
harness,2
do,300
deduce,13
getting,8
yourself,42
very,401
wet,4
clumsy,1
careless,1
servant,5
girl,22
dear,56
said,486
too,81
much,121
certainly,45
burned,5
lived,12
few,77
centuries,1
ago,27
true,29
country,32
walk,15
thursday,2
came,146
home,46
dreadful,17
mess,1
changed,5
clothes,18
cant,12
imagine,29
mary,21
jane,1
incorrigible,1
wife,52
given,33
notice,10
fail,6
chuckled,7
rubbed,3
long,88
nervous,9
together,35
simplicity,1
itself,18
inside,13
your,404
left,84
shoe,1
where,123
firelight,1
strikes,3
leather,4
scored,2
six,24
parallel,3
cuts,2
obviously,5
caused,15
someone,19
carelessly,3
scraped,2
round,81
edges,3
sole,4
order,21
remove,6
crusted,1
mud,3
hence,5
double,12
deduction,6
vile,4
weather,6
malignant,1
bootslitting,1
specimen,2
london,39
slavey,1
if,279
gentleman,42
walks,4
smelling,1
iodoform,1
black,49
mark,8
nitrate,1
silver,3
right,100
forefinger,4
bulge,1
side,80
tophat,4
show,16
secreted,1
stethoscope,1
dull,7
pronounce,2
active,4
member,5
medical,9
profession,10
could,287
help,50
laughing,17
ease,2
explained,9
process,5
hear,33
reasons,8
thing,46
appears,18
ridiculously,1
simple,18
easily,11
myself,77
though,62
successive,3
instance,5
am,185
baffled,3
until,75
explain,16
believe,35
are,354
good,106
yours,18
quite,106
lighting,2
cigarette,4
throwing,12
down,229
distinction,1
clear,44
example,13
frequently,10
steps,24
lead,10
hall,19
often,13
well,185
hundreds,3
times,17
many,43
dont,29
observed,22
point,43
seventeen,1
because,24
both,48
bytheway,1
interested,11
problems,8
enough,58
chronicle,5
two,143
trifling,4
experiences,2
sheet,12
thick,13
pinktinted,1
notepaper,3
lying,14
open,63
table,43
last,94
post,9
read,39
aloud,2
note,31
undated,1
without,81
either,34
signature,5
address,26
will,269
call,43
tonight,23
quarter,9
eight,13
oclock,33
desires,2
consult,8
matter,125
deepest,5
moment,34
recent,6
services,4
royal,4
houses,12
europe,6
safely,4
trusted,2
matters,20
importance,16
can,178
exaggerated,2
we,532
quarters,5
received,19
hour,32
amiss,2
visitor,26
wear,9
mask,5
what,387
means,22
data,11
capital,8
mistake,5
theorize,1
insensibly,1
begins,1
twist,4
facts,35
suit,10
theories,7
instead,8
carefully,10
examined,16
writing,15
paper,40
written,23
wrote,14
presumably,3
endeavouring,6
imitate,1
companions,8
processes,1
bought,6
crown,6
packet,2
peculiarly,1
stiff,2
peculiarthat,1
hold,9
light,73
large,41
e,2
small,81
g,3
p,2
t,2
woven,3
texture,1
make,76
asked,88
maker,1
monogram,2
rather,64
stands,6
gesellschaft,1
german,14
company,17
customary,1
contraction,3
like,94
co,1
course,60
papier,1
eg,1
let,68
glance,17
continental,1
gazetteer,1
took,86
heavy,29
brown,16
volume,5
shelves,2
eglow,1
eglonitzhere,1
egria,1
germanspeaking,1
countryin,1
far,54
carlsbad,1
remarkable,21
being,45
scene,14
death,30
wallenstein,1
its,122
numerous,2
glassfactories,1
papermills,1
ha,21
boy,16
sparkled,2
sent,21
great,60
triumphant,1
cloud,4
made,108
precisely,14
peculiar,19
construction,1
sentencethis,1
frenchman,1
russian,1
uncourteous,1
verbs,1
only,163
remains,7
therefore,15
discover,4
wanted,11
writes,1
prefers,1
wearing,3
showing,7
face,128
here,131
comes,15
mistaken,8
resolve,2
doubts,5
sharp,15
sound,31
horses,7
hoofs,2
grating,2
wheels,7
curb,1
followed,25
pull,2
whistled,2
pair,12
yes,124
continued,14
glancing,23
window,70
nice,7
brougham,4
beauties,1
hundred,18
fifty,9
guineas,3
apiece,4
theres,12
money,46
nothing,108
else,32
better,49
bit,6
doctor,34
stay,8
lost,28
boswell,1
promises,4
interesting,21
pity,8
miss,87
client,31
want,28
sit,17
best,31
slow,6
step,22
stairs,14
passage,22
paused,3
immediately,7
outside,27
loud,3
authoritative,1
tap,3
come,162
entered,33
less,38
feet,28
inches,2
height,5
limbs,7
hercules,1
dress,25
rich,11
richness,1
england,19
bad,14
taste,3
bands,2
astrakhan,1
slashed,1
sleeves,5
fronts,1
doublebreasted,1
coat,18
deep,23
cloak,7
thrown,10
shoulders,16
lined,4
flamecoloured,2
silk,5
secured,3
neck,9
brooch,1
consisted,2
single,18
flaming,2
boots,16
extended,4
halfway,2
calves,1
trimmed,1
tops,1
fur,2
completed,4
impression,16
barbaric,1
opulence,1
suggested,9
appearance,16
carried,22
broadbrimmed,3
hat,43
hand,112
wore,8
upper,9
extending,2
past,23
cheekbones,1
vizard,1
apparently,5
raised,11
lower,7
appeared,27
character,19
hanging,7
straight,8
chin,12
suggestive,8
resolution,3
pushed,14
length,4
obstinacy,1
harsh,1
voice,19
strongly,5
marked,12
accent,2
uncertain,4
pray,42
seat,11
colleague,4
dr,31
occasionally,10
cases,23
whom,40
honour,12
count,4
von,4
kramm,2
nobleman,2
understand,49
discretion,3
trust,16
extreme,9
prefer,7
communicate,5
alone,27
rose,24
caught,20
wrist,9
back,138
chair,56
none,32
say,94
anything,53
shrugged,8
broad,13
begin,6
binding,1
absolute,14
secrecy,7
years,65
end,57
present,27
weight,7
influence,11
european,1
history,3
promise,14
excuse,15
strange,46
august,1
person,26
employs,1
wishes,5
agent,9
unknown,5
confess,16
once,86
called,26
exactly,8
aware,10
dryly,1
circumstances,9
delicacy,5
precaution,5
taken,28
quench,1
grow,2
seriously,5
compromise,1
families,5
speak,20
plainly,8
implicates,1
house,112
ormstein,2
hereditary,4
kings,2
also,53
murmured,6
settling,2
closing,6
glanced,22
apparent,1
surprise,16
languid,2
lounging,5
depicted,1
incisive,3
energetic,4
slowly,19
reopened,1
impatiently,3
gigantic,4
majesty,16
condescend,2
state,17
able,31
advise,7
sprang,23
paced,7
uncontrollable,3
agitation,5
gesture,5
desperation,1
tore,5
hurled,3
ground,21
cried,69
king,25
why,76
attempt,10
conceal,5
addressing,2
wilhelm,1
gottsreich,1
sigismond,1
grand,2
duke,7
casselfelstein,1
sitting,16
passing,12
high,18
white,26
forehead,7
accustomed,7
doing,21
business,74
confide,2
putting,10
power,12
incognito,1
prague,1
purpose,13
consulting,1
shutting,1
briefly,2
during,38
lengthy,1
visit,12
warsaw,1
acquaintance,11
wellknown,4
adventuress,1
familiar,9
look,73
index,2
opening,11
adopted,2
system,4
docketing,1
paragraphs,4
concerning,3
men,37
difficult,14
subject,13
furnish,1
information,16
found,110
biography,1
sandwiched,2
hebrew,1
rabbi,1
staffcommander,1
monograph,3
deepsea,1
fishes,2
hum,8
born,2
jersey,1
year,25
1858,1
contraltohum,1
la,1
scala,1
prima,1
donna,1
imperial,1
opera,1
warsawyes,1
retired,7
operatic,1
stageha,1
living,9
londonquite,1
became,31
entangled,2
young,81
compromising,2
letters,27
desirous,1
secret,19
legal,6
papers,45
certificates,1
follow,15
produce,4
blackmailing,1
purposes,3
prove,9
authenticity,1
pooh,3
forgery,2
private,14
stolen,5
seal,2
imitated,1
photograph,25
oh,89
committed,8
indiscretion,1
madinsane,1
compromised,1
prince,1
thirty,10
recovered,9
tried,13
failed,6
pay,16
sell,5
attempts,5
burglars,1
ransacked,2
diverted,1
luggage,1
travelled,6
waylaid,2
result,14
sign,19
absolutely,27
laughed,20
pretty,12
serious,18
reproachfully,1
does,41
propose,2
ruin,7
about,176
married,25
clotilde,1
lothman,1
saxemeningen,1
second,26
daughter,22
scandinavia,2
strict,3
principles,1
herself,10
shadow,10
conduct,9
bring,23
threatens,2
send,14
them,146
steel,4
beautiful,11
women,8
resolute,3
marry,7
another,42
lengths,1
gonone,1
sure,43
day,85
betrothal,1
publicly,1
proclaimed,1
next,24
monday,14
three,69
days,46
yawn,2
fortunate,8
find,80
langham,1
shall,171
drop,8
line,19
progress,1
anxiety,5
carte,2
blanche,2
provinces,1
kingdom,2
expenses,5
chamois,1
bag,9
laid,32
gold,16
notes,9
scribbled,1
receipt,3
notebook,1
handed,5
mademoiselles,1
briony,11
lodge,14
serpentine,6
avenue,6
st,82
johns,1
wood,10
question,35
cabinet,2
goodnight,8
soon,39
news,18
added,3
rolled,6
tomorrow,18
afternoon,15
chat,2
landlady,3
informed,4
shortly,9
after,99
morning,99
sat,54
beside,25
intention,10
awaiting,1
already,48
inquiry,12
surrounded,3
grim,2
features,14
crimes,4
recorded,2
exalted,3
station,22
gave,46
apart,2
investigation,12
something,64
masterly,1
grasp,6
situation,13
pleasure,9
quick,23
subtle,5
methods,10
disentangled,1
inextricable,1
invariable,1
success,9
possibility,5
failing,2
ceased,8
enter,5
close,19
four,31
opened,35
drunkenlooking,1
groom,5
illkempt,1
sidewhiskered,1
inflamed,1
disreputable,3
walked,28
friends,24
amazing,1
disguises,1
certain,17
nod,1
vanished,10
bedroom,18
whence,6
emerged,8
minutes,46
tweedsuited,1
respectable,5
pockets,8
stretched,9
legs,7
front,50
heartily,7
really,51
choked,4
obliged,6
lie,9
limp,3
helpless,3
funny,7
guess,5
employed,3
ended,4
suppose,19
watching,5
habits,9
perhaps,62
sequel,1
unusual,8
wonderful,5
sympathy,6
freemasonry,2
horsey,1
bijou,1
villa,3
garden,18
built,3
road,31
stories,3
chubb,1
lock,16
sittingroom,15
furnished,8
windows,25
floor,27
preposterous,4
fasteners,1
child,18
reached,19
top,10
coachhouse,1
closely,6
view,15
noting,2
interest,38
lounged,3
expected,13
mews,1
lane,23
runs,5
wall,14
lent,1
ostlers,2
rubbing,4
exchange,2
twopence,2
glass,13
fills,1
shag,4
tobacco,8
dozen,10
people,28
neighbourhood,11
least,36
whose,23
biographies,1
compelled,6
listen,7
turned,51
heads,8
daintiest,1
bonnet,5
planet,1
serpentinemews,2
lives,8
quietly,20
sings,2
concerts,1
drives,2
returns,4
dinner,4
goes,9
except,9
male,3
deal,15
handsome,4
dashing,2
calls,2
mr,274
godfrey,5
norton,7
inner,5
temple,4
advantages,4
cabman,5
confidant,2
driven,8
listened,18
began,25
near,31
plan,3
campaign,2
evidently,13
important,20
lawyer,7
sounded,2
ominous,3
relation,3
object,15
repeated,5
visits,3
mistress,4
probably,15
transferred,2
keeping,6
latter,10
likely,24
issue,2
depended,1
whether,43
continue,9
turn,30
gentlemans,3
chambers,3
widened,2
field,9
fear,28
bore,5
details,19
difficulties,3
balancing,2
hansom,6
cab,26
drove,26
remarkably,3
aquiline,2
moustachedevidently,1
hurry,9
shouted,9
wait,19
brushed,3
maid,19
air,27
thoroughly,9
catch,8
glimpses,1
talking,9
excitedly,1
waving,2
arms,16
presently,9
looking,43
flurried,1
stepped,9
pulled,17
watch,7
pocket,22
earnestly,5
drive,18
devil,7
gross,3
hankeys,1
regent,2
church,14
monica,3
edgeware,2
guinea,1
twenty,12
went,68
wondering,5
neat,5
landau,4
coachman,3
halfbuttoned,2
tie,5
ear,9
tags,1
sticking,2
buckles,1
hadnt,3
shot,13
glimpse,7
lovely,5
die,2
john,25
sovereign,5
reach,12
lose,10
run,14
perch,2
driver,4
shabby,1
fare,3
jumped,3
twentyfive,2
twelve,8
wind,10
cabby,1
fast,2
faster,2
others,20
steaming,1
arrived,16
paid,15
hurried,22
surpliced,1
clergyman,7
seemed,68
expostulating,1
standing,23
knot,3
altar,6
aisle,1
idler,1
dropped,16
suddenly,47
faced,6
running,13
hard,27
towards,20
thank,26
god,26
youll,10
wont,19
halfdragged,1
mumbling,2
responses,1
whispered,16
vouching,1
generally,5
assisting,2
secure,10
tying,1
spinster,1
done,67
instant,31
thanking,1
lady,71
beamed,1
life,48
started,24
seems,28
informality,1
refused,7
witness,15
sort,23
lucky,3
saved,9
bridegroom,7
having,68
sally,1
streets,12
search,12
bride,6
mean,20
watchchain,2
occasion,5
unexpected,2
affairs,10
plans,7
menaced,1
immediate,3
departure,2
necessitate,1
prompt,6
measures,2
separated,2
driving,6
park,8
usual,13
different,14
directions,2
off,74
arrangements,3
beef,3
beer,3
ringing,2
busy,7
food,1
busier,1
evening,36
cooperation,3
delighted,4
breaking,8
law,13
nor,18
chance,25
arrest,5
cause,22
excellent,18
rely,5
wish,45
mrs,44
turner,20
brought,50
tray,1
hungrily,1
provided,8
discuss,5
eat,3
nearly,15
hours,23
action,12
madame,1
meet,18
leave,48
arranged,5
occur,8
insist,2
interfere,4
neutral,2
whatever,16
unpleasantness,1
join,3
conveyed,6
afterwards,18
visible,5
raise,13
handsoyou,1
same,57
cry,28
entirely,19
formidable,7
taking,15
cigarshaped,1
roll,1
ordinary,6
plumbers,1
smokerocket,2
fitted,5
cap,6
selflighting,1
task,6
confined,4
number,15
rejoin,1
ten,30
hope,32
remain,9
get,62
signal,7
prepare,3
role,1
play,10
disappeared,9
amiable,6
simpleminded,1
nonconformist,1
baggy,2
trousers,7
sympathetic,2
smile,7
general,11
peering,4
benevolent,1
curiosity,9
hare,1
equalled,1
costume,3
expression,8
vary,1
fresh,20
assumed,2
stage,3
fine,11
actor,2
science,2
acute,3
specialist,1
ourselves,20
dusk,2
lamps,2
lighted,1
waiting,32
coming,28
occupant,4
pictured,1
succinct,1
description,8
locality,1
contrary,11
quiet,21
animated,2
group,4
shabbily,1
dressed,22
smoking,3
scissorsgrinder,2
wheel,1
guardsmen,3
flirting,1
nursegirl,1
several,31
welldressed,2
mouths,1
fro,3
simplifies,1
becomes,7
doubleedged,1
weapon,8
chances,2
averse,5
princess,1
unlikely,3
carries,3
size,7
easy,23
concealment,1
womans,11
knows,12
capable,5
searched,4
carry,13
banker,10
inclined,6
neither,16
naturally,9
secretive,1
secreting,1
guardianship,1
indirect,2
political,2
bear,6
besides,13
remember,27
resolved,1
within,51
lay,42
burgled,2
pshaw,2
refuse,6
rumble,1
carriage,20
orders,3
letter,30
gleam,2
sidelights,2
curve,2
smart,2
rattled,5
loafing,1
dashed,8
forward,31
earning,2
elbowed,1
loafer,3
rushed,33
quarrel,5
broke,14
increased,4
sides,3
loungers,2
equally,6
blow,12
struck,24
centre,16
flushed,4
struggling,2
savagely,2
fists,4
sticks,2
crowd,7
protect,4
blood,14
freely,10
fall,11
heels,6
direction,19
betterdressed,1
watched,6
scuffle,3
crowded,4
attend,3
injured,7
superb,1
outlined,2
lights,2
poor,22
hurt,5
dead,18
voices,3
hell,2
gone,44
hospital,1
hes,13
brave,5
fellow,32
ladys,7
purse,2
gang,7
rough,4
ah,32
breathing,6
marm,1
surely,10
comfortable,3
sofa,9
please,11
solemnly,4
borne,4
principal,6
proceedings,3
blinds,5
drawn,22
couch,5
compunction,3
playing,5
ashamed,5
creature,11
conspiring,1
grace,3
kindliness,1
waited,15
blackest,1
treachery,2
draw,12
intrusted,2
hardened,4
heart,24
ulster,5
injuring,2
preventing,2
motion,4
need,22
tossed,5
rocket,2
sooner,4
mouth,10
spectators,1
illgentlemen,1
servantmaidsjoined,1
shriek,4
clouds,6
smoke,10
curled,6
rushing,5
figures,4
later,14
assuring,1
alarm,9
slipping,3
shouting,3
rejoiced,1
arm,11
mine,25
uproar,1
silence,24
nicely,6
showed,20
perfectly,12
everyone,5
accomplice,1
engaged,15
guessed,2
row,5
moist,3
red,28
paint,3
palm,5
fell,18
clapped,4
piteous,2
spectacle,2
trick,5
fathom,2
bound,9
suspected,3
determined,16
motioned,1
allimportant,2
thinks,4
instinct,3
rush,7
values,1
overpowering,3
impulse,2
advantage,6
darlington,1
substitution,1
arnsworth,1
castle,1
grabs,1
baby,2
unmarried,1
reaches,2
jewelbox,1
today,15
precious,11
quest,6
shake,4
nerves,6
responded,3
beautifully,4
recess,1
sliding,2
panel,5
above,27
bellpull,5
halfdrew,1
replaced,1
making,17
excuses,1
escaped,5
hesitated,3
narrowly,2
safer,2
overprecipitance,1
practically,3
finished,9
care,15
probable,10
satisfaction,5
regain,1
change,17
wire,4
delay,4
stopped,8
searching,3
key,16
mister,2
pavement,10
greeting,4
slim,2
youth,7
ive,8
staring,6
dimly,6
wonder,12
deuce,1
slept,5
night,76
toast,1
coffee,8
got,53
grasping,1
shoulder,13
hopes,7
impatience,2
simplify,1
descended,2
yesterday,13
named,6
future,12
annoyance,3
loves,4
husband,21
reason,26
majestys,2
yetwell,1
queen,2
relapsed,1
moody,1
broken,12
drew,16
elderly,4
sardonic,1
questioning,10
startled,8
gaze,4
515,1
train,21
charing,2
cross,5
continent,1
staggered,6
chagrin,2
return,22
hoarsely,1
drawingroom,5
furniture,9
scattered,8
dismantled,1
drawers,3
hurriedly,5
flight,8
shutter,4
plunging,1
superscribed,1
esq,2
till,2
dated,4
midnight,5
preceding,2
ran,28
holmesyou,1
completely,5
suspicion,8
betrayed,1
warned,1
months,13
reveal,2
suspicious,5
evil,11
kind,20
actress,1
freedom,2
gives,8
walkingclothes,1
departed,2
celebrated,2
imprudently,1
wished,12
resource,2
pursued,3
antagonist,1
nest,1
empty,10
rest,19
peace,4
loved,5
hindrance,1
cruelly,3
wronged,2
keep,29
safeguard,1
preserve,6
possess,3
truly,3
née,1
womanoh,1
epistle,3
level,4
coldly,3
sorry,10
successful,7
conclusion,8
inviolate,1
safe,20
immensely,3
indebted,3
reward,9
ring,14
slipped,13
emerald,1
snake,5
finger,13
held,25
value,11
highly,4
stared,6
amazement,1
irenes,1
goodmorning,2
bowed,9
turning,16
set,49
threatened,6
affect,2
beaten,6
wit,2
used,33
merry,3
cleverness,1
speaks,2
refers,2
honourable,1
autumn,1
conversation,10
stout,6
floridfaced,1
fiery,2
hair,44
apology,7
intrusion,2
withdraw,2
abruptly,2
closed,22
possibly,11
cordially,1
afraid,21
wilson,20
partner,4
helper,2
utmost,3
bob,1
fatencircled,1
try,8
settee,1
relapsing,1
fingertips,7
custom,5
judicial,1
moods,1
share,6
bizarre,4
conventions,1
humdrum,1
routine,3
everyday,1
relish,1
enthusiasm,3
prompted,1
saying,10
somewhat,8
embellish,2
greatest,6
presented,7
sutherland,10
effects,3
combinations,1
daring,5
effort,7
imagination,3
proposition,1
liberty,4
doubting,1
otherwise,5
piling,1
fact,25
breaks,1
acknowledges,1
jabez,9
narrative,12
remark,11
strangest,1
unique,5
connected,7
larger,7
smaller,2
positive,5
impossible,14
events,16
kindness,5
recommence,1
ask,35
makes,10
anxious,9
possible,49
detail,5
lips,18
rule,6
slight,15
indication,1
guide,4
thousands,3
similar,5
forced,7
belief,6
portly,2
puffed,2
pride,5
dirty,7
wrinkled,4
newspaper,5
greatcoat,1
advertisement,19
column,8
thrust,11
flattened,2
knee,6
endeavoured,9
indications,2
gain,6
inspection,3
average,3
commonplace,8
british,4
tradesman,1
obese,1
pompous,1
grey,23
shepherds,1
check,5
overclean,1
frockcoat,8
unbuttoned,1
drab,1
waistcoat,7
brassy,1
albert,3
chain,8
square,25
pierced,4
metal,10
dangling,3
ornament,1
frayed,1
faded,3
overcoat,4
velvet,2
collar,7
altogether,4
blazing,2
discontent,1
occupation,4
shook,16
noticed,7
glances,4
obvious,29
manual,2
labour,4
takes,6
snuff,4
freemason,1
china,6
considerable,23
amount,6
goodfortune,2
gospel,1
ships,2
carpenter,1
worked,5
muscles,1
developed,2
insult,2
intelligence,1
telling,6
especially,5
rules,3
arcandcompass,1
breastpin,1
forgot,3
cuff,2
shiny,4
smooth,1
patch,1
elbow,3
desk,4
fish,1
tattooed,1
tattoo,1
marks,10
contributed,1
literature,2
staining,1
scales,1
pink,4
addition,3
chinese,1
coin,1
heavily,13
clever,7
explaining,2
omne,1
ignotum,1
pro,1
magnifico,1
reputation,3
suffer,4
shipwreck,1
candid,1
planted,1
follows,2
bequest,1
ezekiah,2
hopkins,2
lebanon,1
pennsylvania,1
u,1
s,5
vacancy,7
entitles,1
salary,6
4,9
purely,4
nominal,3
body,21
age,14
twentyone,1
eligible,2
apply,8
eleven,7
duncan,7
ross,13
offices,6
7,1
popes,3
court,14
fleet,2
earth,11
ejaculated,4
announcement,3
wriggled,1
spirits,6
track,9
isnt,4
scratch,1
household,8
effect,19
fortunes,3
27,2
1890,2
mopping,1
pawnbrokers,4
coburg,3
city,22
affair,14
assistants,2
job,3
willing,5
wages,2
learn,12
obliging,1
vincent,5
spaulding,8
smarter,1
assistant,14
earn,7
satisfied,5
ideas,2
seem,17
employé,2
full,28
market,8
price,5
common,13
experience,20
employers,2
faults,2
photography,3
snapping,1
camera,1
ought,6
improving,1
diving,1
cellar,13
rabbit,2
hole,5
develop,1
pictures,3
main,8
fault,5
worker,1
vice,2
presume,11
fourteen,4
cooking,1
keeps,3
place,52
cleanthats,1
widower,3
live,15
roof,8
debts,4
office,26
weeks,19
says,15
lord,40
asks,1
heres,6
worth,10
fortune,9
gets,3
vacancies,2
trustees,2
wits,5
colour,19
crib,2
ready,23
stayathome,1
foot,15
doormat,1
didnt,15
going,31
couple,11
ones,11
occupations,1
prick,1
ears,10
overgood,1
extra,2
handy,3
particulars,5
founded,6
american,11
millionaire,2
ways,12
died,13
enormous,4
instructions,2
providing,5
berths,2
splendid,1
millions,1
londoners,1
grown,3
town,22
applying,2
real,12
bright,16
cared,3
sake,11
gentlemen,5
yourselves,4
tint,5
competition,1
met,41
useful,6
ordered,10
shutters,10
holiday,2
shut,6
sight,21
north,8
south,6
east,7
west,12
shade,8
tramped,1
answer,15
folk,9
costers,1
barrow,1
werestraw,1
lemon,1
brick,2
irishsetter,1
liver,1
clay,14
vivid,1
despair,7
butted,1
stream,5
stair,9
dejected,1
wedged,1
entertaining,2
refreshed,1
huge,11
pinch,2
statement,12
wooden,15
chairs,3
redder,1
words,46
candidate,1
managed,10
disqualify,1
favourable,1
fill,4
suited,2
requirement,1
cannot,55
recall,5
backward,7
cocked,5
gazed,5
bashful,1
plunged,2
wrung,3
congratulated,1
warmly,4
injustice,1
hesitate,1
tugged,3
yelled,3
pain,8
water,15
released,1
perceive,4
careful,8
deceived,2
wigs,1
tales,3
cobblers,1
wax,2
disgust,2
human,12
filled,7
groan,2
disappointment,5
below,8
trooped,1
redhead,1
manager,7
pensioners,1
fund,2
benefactor,3
gravely,6
propagation,1
spread,3
redheads,1
maintenance,1
exceedingly,11
unfortunate,10
lengthened,2
thinking,7
objection,3
fatal,4
stretch,1
favour,9
duties,7
awkward,3
mostly,3
friday,5
payday,1
mornings,2
building,12
forfeit,1
forever,6
comply,7
conditions,4
budge,1
leaving,9
avail,1
sickness,2
billet,2
encyclopaedia,5
britannica,2
ink,9
pens,1
blottingpaper,2
provide,8
goodbye,6
congratulate,4
knowing,7
pleased,3
low,18
persuaded,2
hoax,1
fraud,1
sum,14
copying,6
cheer,1
bedtime,1
reasoned,2
anyhow,3
penny,1
bottle,1
quillpen,1
sheets,3
foolscap,2
delight,3
everything,20
fairly,7
bade,2
goodday,4
complimented,1
locked,18
saturday,5
planked,1
golden,5
sovereigns,1
degrees,2
dared,1
risk,3
loss,10
abbots,1
archery,1
armour,1
architecture,1
attica,1
hoped,4
diligence,1
bs,1
shelf,5
writings,1
cardboard,2
hammered,1
middle,8
tack,1
piece,12
dissolved,1
october,1
9,1
surveyed,1
curt,2
rueful,1
comical,3
overtopped,1
consideration,6
burst,7
roar,2
laughter,5
flushing,2
roots,3
laugh,7
elsewhere,1
shoving,1
wouldnt,7
refreshingly,1
card,7
landlord,5
accountant,1
groundfloor,1
become,10
william,5
morris,2
solicitor,1
using,8
temporary,2
convenience,2
premises,6
moved,4
17,1
edward,2
pauls,2
manufactory,1
artificial,1
kneecaps,1
saxecoburg,6
advice,19
struggle,5
wisely,2
happy,18
graver,1
issues,2
hang,2
appear,9
grave,4
pound,3
personally,4
concerned,9
grievance,1
richer,4
30,3
minute,6
knowledge,13
gained,9
prankif,1
prankupon,1
expensive,4
joke,3
endeavour,1
points,21
questions,5
advertisementhow,1
month,7
applicant,1
pick,4
cheap,1
halfwages,1
stoutbuilt,1
short,22
splash,3
acid,2
excitement,6
earrings,2
gipsy,1
lad,11
sinking,3
attended,1
absence,4
complain,2
opinion,20
frankly,3
mysterious,5
proves,2
featureless,2
puzzling,1
identify,2
pipe,18
beg,12
thin,21
knees,10
hawklike,1
nose,8
thrusting,2
bill,8
bird,20
asleep,5
nodding,2
mantelpiece,6
sarasate,1
plays,2
jamess,3
patients,2
absorbing,1
lunch,6
music,4
programme,1
italian,1
french,5
introspect,1
along,18
underground,2
aldersgate,1
poky,1
shabbygenteel,1
lines,6
dingy,1
twostoried,2
railedin,1
enclosure,3
lawn,12
weedy,1
grass,9
clumps,1
laurelbushes,1
fight,3
smokeladen,1
uncongenial,1
atmosphere,1
gilt,1
balls,1
board,3
announced,5
shining,12
brightly,5
puckered,1
lids,4
keenly,9
thumped,1
vigorously,3
stick,5
knocked,3
instantly,17
brightlooking,1
cleanshaven,3
strand,1
third,16
fourth,5
promptly,1
judgment,3
smartest,1
claim,15
known,25
wilsons,2
counts,1
inquired,3
beat,5
talk,20
spies,2
enemys,2
explore,1
parts,4
contrast,5
picture,3
arteries,1
traffic,2
roadway,1
blocked,3
commerce,1
flowing,2
tide,8
inward,2
outward,1
footpaths,2
hurrying,4
swarm,2
pedestrians,1
realise,3
shops,1
stately,3
abutted,2
stagnant,1
quitted,1
hobby,1
exact,4
mortimers,1
tobacconist,1
shop,3
branch,3
suburban,3
bank,13
vegetarian,1
restaurant,1
mcfarlanes,1
carriagebuilding,1
depot,1
block,4
weve,3
sandwich,1
cup,6
violinland,1
sweetness,1
harmony,1
clients,3
vex,1
conundrums,1
enthusiastic,2
musician,1
performer,1
composer,1
merit,2
stalls,3
wrapped,4
gently,7
fingers,11
smiling,16
dreamy,1
unlike,3
sleuthhound,1
relentless,2
keenwitted,1
readyhanded,1
criminal,8
conceive,2
dual,1
alternately,2
asserted,1
exactness,1
astuteness,1
represented,2
reaction,4
poetic,1
contemplative,1
predominated,1
swing,2
languor,2
devouring,2
amid,14
improvisations,1
blackletter,1
editions,5
lust,3
chase,5
brilliant,6
intuition,2
unacquainted,1
askance,1
mortals,1
enwrapped,1
hunt,2
contemplation,2
stop,9
complicates,1
early,14
danger,21
army,2
revolver,7
heel,2
dense,4
neighbours,4
oppressed,1
sense,9
stupidity,1
dealings,1
evident,5
clearly,15
happened,23
happen,3
confused,2
grotesque,1
kensington,1
copier,1
parted,6
nocturnal,2
expedition,5
armed,2
hint,2
smoothfaced,1
mana,1
game,4
puzzle,2
aside,7
explanation,11
quarterpast,2
nine,11
oxford,3
hansoms,1
entering,3
recognised,5
peter,1
jones,11
sadfaced,2
oppressively,1
party,8
buttoning,2
peajacket,3
hunting,4
crop,8
rack,3
scotland,11
yard,15
merryweather,12
tonights,1
couples,1
consequential,2
starting,4
wants,6
dog,9
wild,10
goose,27
gloomily,1
confidence,5
loftily,1
theoretical,1
fantastic,7
makings,1
detective,7
sholto,1
agra,1
treasure,4
correct,9
force,15
stranger,6
deference,2
rubber,3
sevenandtwenty,1
higher,3
stake,3
exciting,1
30000,2
murderer,5
thief,6
smasher,1
forger,1
bracelets,1
grandfather,2
eton,1
brain,2
cunning,7
raising,3
build,1
orphanage,1
cornwall,1
introducing,2
turns,2
agree,11
communicative,1
humming,2
tunes,1
endless,2
labyrinth,3
gaslit,1
farrington,1
director,4
imbecile,3
virtue,1
bulldog,2
tenacious,1
lobster,1
claws,2
thoroughfare,2
cabs,2
dismissed,1
guidance,1
narrow,11
corridor,9
massive,6
iron,12
gate,7
winding,8
stone,29
terminated,1
lantern,8
conducted,1
earthsmelling,1
vault,3
piled,1
crates,1
boxes,4
vulnerable,1
striking,5
flags,1
sounds,4
hollow,4
severely,2
imperilled,1
goodness,9
solemn,2
perched,2
crate,3
magnifying,3
lens,12
examine,6
minutely,3
cracks,2
stones,7
seconds,3
sufficed,1
satisfy,3
pawnbroker,2
bed,38
longer,10
escape,6
doctoras,1
divinedin,1
banks,2
chairman,2
directors,3
criminals,4
warnings,3
strengthen,2
resources,2
borrowed,2
napoleons,2
france,7
unpack,1
contains,2
2000,1
packed,2
layers,1
foil,1
reserve,3
bullion,2
usually,7
kept,12
misgivings,2
justified,1
expect,8
meantime,3
screen,1
pack,3
cards,3
partie,1
carrée,1
preparations,2
presence,13
choose,4
positions,1
disadvantage,1
harm,8
unless,15
stand,8
flash,2
shooting,1
crouched,1
slide,1
pitch,5
darknesssuch,1
darkness,13
experienced,1
smell,8
assure,7
moments,6
expectancy,1
depressing,1
subduing,1
sudden,16
gloom,8
dank,2
retreat,1
inspector,29
officers,1
holes,2
silent,19
comparing,1
dawn,1
weary,12
feared,7
highest,7
tension,3
hearing,3
gentle,6
distinguish,4
deeper,4
heavier,2
inbreath,1
bulky,4
sighing,1
glint,1
lurid,2
spark,3
yellow,13
warning,6
gash,1
womanly,2
area,1
writhing,3
protruded,3
withdrawn,1
chink,2
disappearance,9
momentary,2
rending,2
tearing,3
gaping,2
streamed,2
edge,13
peeped,5
cleancut,1
boyish,1
aperture,3
shoulderhigh,1
waisthigh,1
rested,3
hauling,1
lithe,1
pale,14
shock,6
chisel,1
bags,1
scott,1
jump,6
archie,1
ill,21
sprung,2
intruder,1
dived,1
cloth,7
clutched,4
skirts,1
flashed,3
barrel,1
mans,14
pistol,9
clinked,1
blandly,3
coolness,1
pal,3
coattails,1
compliment,2
idea,23
effective,1
quicker,1
climbing,1
fix,2
derbies,1
touch,9
filthy,1
prisoner,10
handcuffs,1
clattered,2
wrists,3
veins,3
stare,3
snigger,1
upstairs,10
highness,1
policestation,3
serenely,2
sweeping,2
bow,5
custody,3
repay,2
detected,1
defeated,1
robbery,8
scores,1
settle,7
expense,6
refund,11
amply,1
repaid,1
whisky,2
soda,2
overbright,1
curious,11
managing,1
suggest,8
method,6
clays,1
ingenious,2
accomplices,1
lure,1
rogue,2
incites,1
manage,3
motive,4
securing,1
mere,10
vulgar,3
intrigue,1
elaborate,2
expenditure,1
fondness,1
vanishing,3
tangled,4
clue,13
inquiries,7
coolest,1
cellarsomething,1
tunnel,2
surprised,17
beating,3
ascertaining,3
skirmishes,1
worn,12
stained,4
burrowing,2
remaining,3
solved,9
concert,1
presencein,1
essential,6
discovered,9
removed,7
exclaimed,3
unfeigned,1
admiration,2
link,4
rings,2
ennui,1
yawning,2
alas,3
feel,17
spent,10
commonplaces,2
existence,5
race,1
lhomme,1
cest,2
rienloeuvre,1
tout,3
gustave,1
flaubert,1
george,10
sand,1
infinitely,2
invent,4
dare,3
fly,7
hover,1
roofs,3
peep,1
queer,1
coincidences,1
plannings,1
crosspurposes,1
chains,1
working,7
generations,4
leading,3
outré,2
fiction,1
conventionalities,1
foreseen,2
conclusions,8
stale,1
unprofitable,1
convinced,10
bald,2
reports,2
realism,1
limits,3
confessed,4
fascinating,3
artistic,2
selection,1
producing,1
realistic,1
wanting,3
report,1
stress,1
platitudes,1
magistrate,2
observer,3
contain,3
vital,3
essence,1
depend,7
unnatural,4
smiled,6
unofficial,1
adviser,2
everybody,2
puzzled,5
throughout,2
continents,1
contact,6
herei,1
picked,10
groundlet,1
practical,6
test,4
heading,3
husbands,6
cruelty,2
print,3
reading,15
drink,6
push,2
bruise,1
sister,26
crudest,1
writers,1
crude,1
argument,2
dundas,1
separation,1
happens,2
connection,11
teetotaler,1
complained,2
meal,3
teeth,4
hurling,2
allow,8
storyteller,1
acknowledge,1
snuffbox,1
amethyst,1
lid,3
splendour,1
homely,4
commenting,1
souvenir,1
assistance,11
served,6
feature,5
unimportant,1
analysis,4
charm,2
apt,1
simpler,2
bigger,1
intricate,1
referred,7
marseilles,1
presents,2
gazing,6
neutraltinted,1
opposite,3
boa,1
curling,3
feather,3
tilted,1
coquettish,1
duchess,2
devonshire,1
panoply,1
hesitating,2
oscillated,1
fidgeted,1
glove,4
buttons,3
plunge,1
swimmer,1
leaves,5
clang,4
symptoms,2
oscillation,1
affaire,1
de,5
coeur,1
communication,4
discriminate,1
oscillates,1
symptom,1
maiden,4
angry,10
perplexed,1
grieved,1
announce,2
loomed,2
fullsailed,1
merchantman,1
tiny,2
pilot,1
boat,2
welcomed,1
courtesy,2
abstracted,4
trying,8
typewriting,4
realising,3
purport,2
violent,7
astonishment,10
goodhumoured,1
youve,3
overlook,1
etherege,1
im,4
hosmer,22
angel,19
ceiling,10
vacuous,2
bang,2
windibankthat,1
fathertook,1
mad,13
father,72
stepfather,19
older,6
mother,20
alive,12
wasnt,3
fathers,10
fifteen,2
younger,3
plumber,4
tottenham,4
tidy,1
hardy,2
foreman,2
windibank,19
superior,2
traveller,2
wines,1
4700,1
goodwill,1
impatient,2
rambling,1
inconsequential,1
concentration,1
income,6
separate,4
uncle,13
ned,1
auckland,1
zealand,1
stock,4
paying,6
12,1
per,1
cent,1
thousand,7
extremely,7
bargain,1
travel,3
indulge,2
60,2
burden,1
staying,4
draws,1
pays,1
brings,2
flush,4
stole,2
sutherlands,1
nervously,1
fringe,4
jacket,4
gasfitters,2
ball,5
tickets,2
remembered,5
sundayschool,1
treat,3
prevent,10
fit,9
purple,3
plush,3
drawer,6
firm,12
annoyed,2
denying,1
himthat,1
visitors,5
circle,9
write,9
hosmermr,1
angelwas,1
cashier,2
leadenhall,5
streetand,1
thats,7
worst,3
noexcept,1
chaffed,1
clerks,3
offered,9
typewrite,1
typewritten,6
fond,4
axiom,1
shy,1
daylight,2
hated,1
conspicuous,1
retiring,2
gentlemanly,1
hed,1
quinsy,1
swollen,1
glands,1
weak,5
throat,6
whispering,1
speech,6
plain,11
tinted,5
glasses,8
glare,3
proposed,1
earnest,1
swear,6
testament,2
passion,8
fonder,1
talked,6
marrying,2
sly,1
bordeaux,1
wedding,18
missed,7
saviours,1
breakfast,17
pancras,1
hotel,14
fourwheeler,4
box,15
shamefully,2
treated,4
unforeseen,4
occurred,22
pledged,2
pledge,3
weddingmorning,1
meaning,5
catastrophe,2
foresaw,2
notion,1
bringing,6
doors,7
settled,8
independent,3
shilling,1
halfmad,2
sleep,11
wink,2
handkerchief,9
muff,1
sob,2
rising,9
definite,8
dwell,2
further,11
vanish,4
accurate,1
advertised,3
saturdays,1
slip,8
31,1
lyon,1
camberwell,2
angels,1
travels,1
westhouse,2
marbank,2
claret,1
importers,1
fenchurch,2
incident,9
sealed,3
book,6
faith,3
respect,3
bundle,5
whenever,3
summoned,2
pressed,3
directed,4
upward,4
oily,1
counsellor,1
leaned,5
cloudwreaths,1
spinning,2
infinite,1
trite,1
andover,1
77,1
hague,1
instructive,3
invisible,2
unnoticed,1
suggestiveness,1
thumbnails,1
bootlace,1
gather,7
describe,5
slatecoloured,1
straw,1
brickish,1
beads,1
sewn,1
jet,2
ornaments,1
darker,2
gloves,3
greyish,2
welltodo,2
easygoing,1
softly,3
pon,2
wonderfully,3
hit,3
impressions,3
concentrate,1
sleeve,3
trouser,1
material,4
traces,12
typewritist,1
presses,1
defined,2
sewingmachine,1
type,1
farthest,2
broadest,1
dint,1
pincenez,2
ventured,2
odd,3
slightly,2
decorated,1
toecap,1
buttoned,3
fifth,1
neatly,3
noted,2
fully,4
torn,4
violet,4
dipped,1
pen,7
amusing,2
elementary,1
printed,7
missing,13
fourteenth,1
ft,1
sallow,4
complexion,1
bushy,3
sidewhiskers,2
moustache,2
infirmity,1
harris,1
tweed,2
gaiters,4
elasticsided,2
anybody,1
quotes,1
balzac,1
strike,9
bottom,8
superscription,1
suggestivein,1
conclusive,2
bears,4
deny,1
breach,3
instituted,2
asking,6
relatives,3
answers,2
interim,1
solid,5
grounds,10
assured,5
demeanour,1
weird,1
tangle,1
unravel,1
puffing,4
conviction,5
disappearing,1
professional,14
gravity,3
engaging,2
bedside,1
sufferer,2
free,14
spring,6
assist,2
dénouement,1
recesses,1
array,2
bottles,2
testtubes,1
pungent,1
cleanly,1
hydrochloric,1
chemical,4
bisulphate,1
baryta,1
salt,2
drawback,2
scoundrel,5
deserting,1
reply,6
footfall,2
girls,5
james,18
sturdy,1
middlesized,2
sallowskinned,1
bland,1
insinuating,2
penetrating,3
sideboard,6
sidled,1
nearest,2
goodevening,2
appointment,9
troubled,3
wash,3
linen,4
public,28
excitable,1
impulsive,1
controlled,2
pleasant,6
misfortune,6
noised,1
abroad,2
useless,3
succeed,4
discovering,3
typewriter,3
individuality,2
handwriting,2
alike,1
slurring,1
defect,4
tail,6
r,1
characteristics,3
correspondence,2
devoted,4
es,1
slurred,1
rs,1
tailless,1
alluded,1
waste,3
stepping,3
rat,7
trap,11
doreally,1
suavely,2
transparent,2
solve,6
collapsed,2
ghastly,2
glitter,2
moisture,3
brow,6
itits,1
actionable,2
stammered,2
cruel,3
selfish,1
heartless,1
petty,2
contradict,1
wrong,15
huddled,3
breast,5
utterly,4
crushed,3
stuck,2
leaning,7
enjoyed,1
difference,3
disposition,6
affectionate,2
warmhearted,1
fair,7
personal,5
allowed,9
forbidding,2
seek,4
restive,1
insisted,2
rights,3
conceives,1
creditable,1
connivance,1
disguised,1
covered,9
masked,1
whiskers,5
whisper,1
doubly,1
lovers,1
groaned,3
decidedly,2
flattered,3
attentions,3
loudly,6
expressed,2
meetings,1
engagement,4
affections,1
deception,1
pretended,1
journeys,1
cumbrous,1
dramatic,3
permanent,2
suitor,1
vows,2
fidelity,1
exacted,2
allusions,1
happening,1
fate,9
rate,6
farther,10
conveniently,1
assurance,1
assault,1
illegal,1
constraint,2
unlocking,2
deserved,3
punishment,3
brother,7
whip,3
jove,2
bitter,4
swift,3
clatter,2
banged,1
speed,1
coldblooded,1
ends,1
gallows,2
respects,3
devoid,2
profited,1
spectacles,1
hinted,1
disguise,4
suspicions,3
confirmed,2
inferred,1
recognise,4
smallest,2
sample,2
isolated,1
minor,3
pointed,10
verify,1
spotted,3
corroboration,1
eliminated,1
disguisethe,1
request,5
inform,2
travellers,1
peculiarities,1
revealed,3
trivial,9
characteristic,3
defects,2
tallied,1
voilà,1
persian,1
taketh,1
tiger,1
cub,1
whoso,1
snatches,1
delusion,1
hafiz,1
horace,1
seated,6
telegram,5
wired,3
scenery,2
paddington,7
1115,3
list,4
anstruther,1
ungrateful,3
seeing,22
camp,4
afghanistan,1
stated,4
valise,1
rattling,2
platform,4
gaunt,2
gaunter,1
taller,1
travellingcloak,1
closefitting,1
local,5
aid,7
worthless,1
biassed,1
seats,2
litter,1
rummaged,3
intervals,2
notetaking,1
meditation,1
onto,6
accounts,3
paradoxical,1
profoundly,1
singularity,1
invariably,3
established,2
son,46
murdered,4
conjectured,3
granted,2
opportunity,3
district,3
herefordshire,2
largest,4
landed,1
proprietor,3
australia,2
farms,1
hatherley,17
charles,1
mccarthy,33
exaustralian,1
colonies,2
tenant,1
equality,1
eighteen,1
wives,1
avoided,2
neighbouring,3
mccarthys,7
sport,1
racemeetings,1
servantsa,1
halfdozen,1
june,3
3rd,3
pool,19
lake,4
formed,11
spreading,1
servingman,1
farmhouse,1
mile,2
mentioned,4
crowder,3
gamekeeper,4
employ,2
witnesses,1
depose,1
walking,13
adds,1
gun,6
actually,7
thickly,1
wooded,1
reeds,3
patience,2
moran,13
lodgekeeper,5
estate,9
woods,7
picking,2
flowers,2
states,22
border,3
elder,1
frightened,13
violence,11
quarrelling,2
excited,4
blows,3
blunt,4
injuries,5
inflicted,2
buttend,2
sons,5
paces,3
arrested,9
verdict,3
wilful,1
inquest,4
tuesday,1
wednesday,4
magistrates,1
assizes,7
coroner,15
policecourt,4
damning,2
circumstantial,3
evidence,17
tricky,1
thoughtfully,3
shift,1
pointing,7
uncompromising,1
looks,12
culprit,2
landowner,1
innocence,5
retained,7
lestrade,37
recollect,2
middleaged,4
flying,3
westward,1
miles,17
digesting,1
breakfasts,1
credit,7
deceptive,1
boasting,1
confirm,3
destroy,3
theory,9
incapable,2
understanding,2
righthand,2
selfevident,1
military,1
neatness,1
characterises,1
shave,2
season,4
sunlight,1
shaving,1
positively,1
slovenly,1
angle,7
jaw,2
illuminated,1
equal,3
quote,2
inference,1
therein,1
lies,9
métier,1
service,4
considering,3
farm,7
constabulary,1
informing,1
deserts,2
natural,9
removing,1
minds,3
coroners,3
jury,7
confession,4
protestation,1
series,8
brightest,2
rift,1
innocent,17
feigned,1
indignation,2
anger,9
policy,2
scheming,1
frank,19
acceptance,1
selfrestraint,2
firmness,1
consider,7
forgotten,4
filial,1
duty,9
bandy,1
according,2
selfreproach,1
contrition,1
displayed,3
healthy,1
guilty,3
hanged,3
slighter,1
wrongfully,2
encouraging,1
supporters,1
paragraph,14
deceased,4
bristol,6
absent,1
arrival,2
cobb,1
rapidly,5
strolled,3
visiting,1
warren,1
yards,9
cooee,7
roughly,2
ensued,1
temper,5
becoming,1
ungovernable,1
150,1
hideous,4
outcry,1
expiring,1
terribly,5
expired,1
knelt,1
turners,2
popular,2
manners,2
enemies,2
mumbled,2
allusion,4
delirious,2
final,2
sad,4
decide,2
refusal,3
prejudice,1
considerably,7
arise,2
uttered,3
confusion,2
juryman,1
aroused,3
fatally,1
disturbed,4
plaid,1
feeling,17
concluded,2
examination,11
concluding,1
remarks,6
severe,3
discrepancy,1
signalled,1
dying,9
cushioned,1
pains,3
strongest,3
evolved,1
consciousness,4
reference,7
approach,5
whither,1
hypothesis,4
petrarch,1
swindon,1
stroud,1
gleaming,1
severn,1
countrytown,1
lean,2
ferretlike,1
furtive,1
slylooking,1
spite,10
dustcoat,1
leatherleggings,1
rustic,1
surroundings,1
difficulty,8
recognising,1
hereford,2
tea,3
complimentary,1
barometric,1
pressure,3
twentynine,1
sky,4
caseful,1
cigarettes,1
abomination,1
indulgently,1
newspapers,4
pikestaff,1
plainer,1
repeatedly,1
bless,4
cheeks,10
concern,2
fastening,1
children,7
tenderhearted,1
charge,19
absurd,4
loophole,1
flaw,2
defiantly,1
forming,4
hide,2
disagreements,1
andandwell,1
quarrels,2
union,3
blush,1
willows,1
wreck,2
shattered,6
dad,6
victoria,5
mines,1
goldmines,1
prison,5
misses,1
undertaking,1
impulsively,1
rattle,4
dignity,4
disappoint,1
overtender,1
reconsider,1
ample,2
wandered,4
yellowbacked,2
novel,4
puny,1
plot,3
compared,2
groping,2
wander,4
continually,5
flung,3
supposing,1
unhappy,4
hellish,2
calamity,1
screams,1
glade,1
terrible,15
deadly,9
instincts,3
weekly,1
county,6
contained,2
verbatim,1
surgeons,1
deposition,1
posterior,1
parietal,1
bone,3
occipital,1
spot,3
extent,3
accused,4
delirium,2
commonly,1
indicate,3
cudgelled,1
brains,3
hardihood,1
kneeling,1
tissue,1
improbabilities,1
lestrades,1
insight,3
rain,9
keenest,3
fagged,1
screening,2
quickwitted,1
comely,1
admire,2
charming,5
thereby,1
hangs,2
painful,7
tale,3
madly,1
insanely,1
boardingschool,1
idiot,1
clutches,2
barmaid,3
registry,1
maddening,2
upbraided,1
sheer,2
frenzy,2
interview,6
goading,1
supporting,1
truth,14
finding,9
trouble,12
bermuda,1
dockyard,1
consoled,1
suffered,2
crucial,1
depends,3
meredith,1
foretold,1
cloudless,2
despaired,1
sixty,1
constitution,1
health,5
add,3
learned,10
rent,3
helped,3
obligations,2
heiress,2
cocksure,2
proposal,1
deductions,4
inferences,4
winking,1
tackle,2
fancies,5
demurely,1
grasped,5
replied,3
warmth,1
senior,2
junior,1
merest,3
moonshine,3
brighter,1
fog,2
widespread,3
comfortablelooking,2
slateroofed,1
blotches,2
lichen,1
walls,8
smokeless,1
chimneys,2
stricken,2
horror,11
measured,3
desired,2
courtyard,1
transformed,1
thinker,2
logician,1
darkened,1
brows,3
shone,6
beneath,10
steely,1
bent,14
downward,2
compressed,3
whipcord,3
sinewy,1
nostrils,2
dilate,1
animal,4
concentrated,1
unheeded,1
provoked,2
snarl,2
silently,3
meadows,2
damp,3
marshy,1
path,9
bounded,1
sometimes,12
detour,1
meadow,1
indifferent,1
contemptuous,1
reedgirt,1
situated,2
boundary,1
wealthy,2
jutting,1
pinnacles,1
site,5
landowners,1
dwelling,1
grew,12
belt,2
sodden,2
trees,8
eager,6
trampled,2
fished,1
rake,1
trace,7
tut,8
mole,2
vanishes,1
herd,1
buffalo,1
wallowed,1
tracks,5
waterproof,2
soles,1
listening,3
tiptoes,2
againof,1
losing,3
beech,1
tree,5
traced,6
dried,7
gathering,2
dust,5
envelope,14
examining,6
bark,2
jagged,1
moss,2
pathway,1
highroad,4
luncheon,1
regained,2
carrying,8
holding,6
growing,2
lain,1
corresponds,2
lefthanded,3
limps,1
leg,6
wears,1
thicksoled,1
shootingboots,1
smokes,2
indian,5
uses,2
cigarholder,2
penknife,2
sceptic,1
hardheaded,1
nous,1
verrons,1
calmly,3
unfinished,1
populous,1
undertake,1
laughingstock,1
pained,1
perplexing,1
cleared,16
preach,1
cigar,9
expound,1
although,10
impressed,6
research,3
commence,4
presuming,1
meant,6
earshot,1
attract,1
whoever,3
distinctly,6
australian,2
australians,1
presumption,3
folded,5
map,3
colony,2
arat,1
ballarat,6
syllables,1
utter,2
narrowed,1
possession,8
garment,1
granting,1
certainty,6
vagueness,1
conception,2
approached,7
strangers,2
personality,1
trifles,2
judge,4
stride,2
lameness,1
distinct,6
limpedhe,1
lame,1
lefthandedness,1
injury,3
surgeon,3
smoked,4
ash,2
special,5
ashes,4
enables,1
140,1
varieties,1
stump,3
variety,3
rotterdam,1
holder,25
tip,1
cut,28
bitten,2
clean,2
deduced,5
net,1
cord,5
waiter,1
ushering,1
impressive,1
limping,1
decrepitude,1
deeplined,1
craggy,1
possessed,3
strength,11
beard,3
grizzled,6
outstanding,2
drooping,3
eyebrows,3
combined,1
ashen,2
corners,2
tinged,1
grip,6
chronic,1
disease,3
avoid,3
answering,4
sank,6
break,13
heartit,1
hears,2
required,3
acting,4
diabetes,1
gaol,2
jot,1
extremity,1
needed,5
alice,11
incarnate,1
blasted,1
60s,1
diggings,2
chap,2
hotblooded,1
reckless,2
luck,2
bush,1
highway,2
robber,1
stopping,1
wagons,1
jack,3
convoy,1
melbourne,1
attacked,3
troopers,1
emptied,1
saddles,1
volley,1
boys,2
killed,3
swag,1
wagondriver,1
spared,2
wicked,3
fixed,11
pals,1
chanced,1
earned,1
wee,1
leaf,1
investment,1
boot,3
touching,1
dontits,1
lawabiding,1
policeman,4
hail,1
shaking,9
land,8
forgetfulness,1
grinning,2
worse,5
stroke,2
property,8
cursed,1
mixed,3
dislike,2
braved,2
midway,1
uppermost,1
urging,1
regard,2
slut,1
snap,2
bond,1
desperate,3
limb,2
foul,5
tongue,4
sinned,1
martyrdom,1
atone,1
meshes,1
venomous,1
beast,1
cover,5
fetch,1
signed,3
exposed,3
temptation,2
intend,1
deed,5
condemned,1
mortal,1
farewell,1
deathbeds,1
easier,5
tottering,1
giant,2
frame,2
stumbled,1
tricks,1
worms,1
baxters,1
acquitted,1
objections,3
submitted,4
defending,1
counsel,1
prospect,1
happily,2
ignorance,3
rests,1
records,7
82,1
90,3
publicity,2
qualities,1
degree,3
illustrate,1
analytical,2
skill,7
narratives,2
beginnings,1
ending,2
partially,1
explanations,2
conjecture,5
surmise,2
logical,3
proof,8
startling,1
tempted,1
87,1
greater,6
retain,3
headings,1
paradol,1
amateur,2
mendicant,1
luxurious,1
club,8
warehouse,1
barque,3
sophy,1
anderson,1
grice,1
patersons,1
island,2
uffa,1
poisoning,1
wound,7
timea,1
sketch,2
september,1
equinoctial,2
gales,2
exceptional,4
screamed,6
handmade,1
elemental,1
forces,1
mankind,1
bars,4
civilisation,1
untamed,1
beasts,1
cage,1
storm,2
louder,3
sobbed,2
chimney,3
moodily,1
fireplace,4
crossindexing,1
clark,1
russells,1
seastories,1
howl,1
gale,3
blend,1
text,1
lengthen,1
swash,1
sea,1
waves,1
mothers,3
dweller,1
encourage,1
crony,1
landladys,1
tapping,5
lamp,23
vacant,1
newcomer,2
twoandtwenty,1
wellgroomed,1
trimly,1
clad,5
refinement,1
bearing,8
streaming,1
umbrella,2
anxiously,1
weighed,2
owe,7
intruding,1
snug,1
hook,2
dry,2
southwest,1
horsham,10
chalk,1
mixture,2
toe,2
caps,1
distinctive,1
major,5
prendergast,2
tankerville,1
cheating,1
timesthree,1
successes,1
appeal,1
inexplicable,2
commencement,2
blaze,2
openshaw,15
awful,3
sonsmy,1
elias,3
joseph,1
factory,1
coventry,1
enlarged,1
invention,1
bicycling,1
patentee,1
unbreakable,1
tire,1
retire,3
competence,1
emigrated,1
america,10
planter,1
florida,3
reported,5
war,4
fought,1
jacksons,1
hood,1
colonel,28
lee,7
plantation,4
1869,3
1870,1
sussex,1
aversion,2
negroes,1
republican,2
franchise,1
quicktempered,1
foulmouthed,1
fields,6
exercise,2
drank,2
brandy,7
youngster,2
1878,1
begged,3
sober,1
backgammon,1
draughts,1
representative,1
servants,6
tradespeople,1
sixteen,1
keys,5
liked,2
disturb,4
privacy,1
exception,2
lumberroom,3
attics,1
permit,1
keyhole,1
collection,5
trunks,1
bundles,1
dayit,1
1883a,1
foreign,3
stamp,1
colonels,1
plate,3
receive,9
bills,2
india,4
pondicherry,5
postmark,4
pattered,2
fallen,10
protruding,5
skin,3
putty,2
glared,2
trembling,3
k,21
shrieked,6
sins,2
overtaken,1
palpitating,2
scrawled,3
flap,3
gum,1
terror,7
breakfasttable,4
ascended,3
rusty,2
belonged,2
attic,3
brass,4
cashbox,1
checkmate,1
oath,1
fordham,2
burning,5
grate,2
mass,2
fluffy,3
treble,2
disadvantages,1
descend,1
enjoy,1
deadliest,2
enemy,3
twoedged,1
shows,4
pondered,1
dread,2
sensation,1
spend,6
emerge,2
drunken,3
tear,2
screaming,2
cooped,1
sheep,1
fits,2
tumultuously,1
bar,10
brazen,1
glisten,1
basin,2
abuse,1
sallies,1
greenscummed,1
eccentricity,2
suicide,5
winced,1
ado,1
persuade,3
14000,1
interposed,1
foresee,3
reception,1
supposed,1
10,1
1883,1
2nd,1
proceed,5
contents,4
destroyed,4
label,1
initials,7
memoranda,1
receipts,1
register,2
notebooks,1
uncles,5
repute,2
soldier,1
reconstruction,1
southern,4
politics,2
opposing,2
carpetbag,1
politicians,1
beginning,7
84,2
january,4
85,3
newly,5
outstretched,2
cockandbull,1
scared,2
sundial,5
peeping,1
gripping,1
courage,1
civilised,1
tomfoolery,1
dundee,5
sundials,1
nonsense,2
forbid,1
fuss,2
vain,3
argue,1
obstinate,2
forebodings,1
freebody,1
command,4
forts,1
portsdown,1
hill,2
error,4
imploring,1
chalkpits,1
abound,1
senseless,3
skull,1
fareham,1
twilight,1
chalkpit,1
unfenced,1
hesitation,2
accidental,1
causes,2
unable,5
footmarks,3
record,6
roads,4
wellnigh,1
sinister,10
inheritance,1
dispose,1
troubles,4
dependent,1
pressing,6
elapsed,3
begun,4
curse,1
generation,1
comfort,1
shape,6
crumpled,3
londoneastern,1
division,3
message,2
truthhe,1
handsi,1
rabbits,1
resistless,1
inexorable,2
foresight,6
precautions,1
guard,6
act,6
jokes,1
deaths,3
relations,3
accidents,1
clenched,1
incredible,1
imbecility,1
raved,1
advised,1
acted,6
usno,1
discoloured,5
bluetinted,1
remembrance,1
unburned,1
margins,1
particular,7
fluttered,2
destruction,1
helps,1
page,10
diary,2
undoubtedly,8
ragged,1
headed,2
enigmatical,1
notices,2
4th,2
hudson,4
7th,1
mccauley,2
paramore,2
swain,2
augustine,1
9th,2
10th,1
12th,1
visited,4
folding,1
described,7
assert,1
revenge,2
web,8
weave,1
theirs,1
punish,1
parties,1
pulling,4
meanwhile,1
imminent,1
waterloo,8
safety,5
splashed,1
elementsblown,1
seaweed,1
galeand,1
reabsorbed,1
glow,1
smokerings,1
chased,1
perils,2
sholtos,1
pursue,1
elbows,2
ideal,2
bearings,1
cuvier,1
correctly,1
understood,3
accurately,1
attain,2
sought,1
solution,9
senses,2
art,5
necessary,5
utilise,1
implies,1
readily,6
education,3
encyclopaedias,1
rare,3
accomplishment,1
rightly,1
friendship,1
document,1
philosophy,1
astronomy,1
zero,1
botany,1
variable,1
geology,1
profound,2
regards,2
mudstains,1
region,1
chemistry,1
eccentric,2
anatomy,1
unsystematic,1
sensational,3
violinplayer,1
boxer,1
swordsman,1
selfpoisoner,1
grinned,1
item,2
brainattic,1
stocked,1
library,2
muster,1
willingly,1
climate,1
lonely,6
provincial,1
solitude,1
suggests,1
assume,2
successors,1
postmarks,1
seaports,1
writer,3
ship,7
probabilitythe,1
probabilityis,1
threat,1
fulfilment,1
distance,8
vessel,3
sailingship,3
token,1
quickly,5
steamer,1
mailboat,2
sailing,1
urgency,1
urged,2
caution,1
senders,1
persecution,1
persons,2
deceive,1
determination,1
ceases,1
individual,6
badge,1
bending,3
voicehave,1
ku,2
klux,2
klan,2
derived,3
fanciful,1
resemblance,2
cocking,1
rifle,1
exconfederate,1
soldiers,1
branches,3
notably,1
tennessee,1
louisiana,1
carolinas,1
georgia,2
principally,1
terrorising,1
negro,1
voters,1
murdering,1
opposed,1
views,2
outrages,2
preceded,1
shapea,1
sprig,1
oakleaves,1
melon,1
seeds,1
receiving,2
victim,5
openly,2
abjure,1
unfailingly,1
organisation,2
systematic,1
succeeded,4
braving,1
impunity,3
perpetrators,1
flourished,1
efforts,6
united,13
government,2
classes,1
community,1
eventually,6
movement,3
sporadic,1
outbreaks,1
laying,7
coincident,1
implacable,1
implicate,2
b,7
cthat,1
societys,1
entries,2
c,3
violin,2
forget,5
miserable,4
fellowmen,1
sun,7
subdued,2
brightness,1
dim,4
openshaws,1
lifted,2
unopened,1
chill,4
bridge,8
policeconstable,1
cook,1
h,5
stormy,1
passersby,3
rescue,1
waterpolice,1
proved,4
residence,3
haste,2
landingplaces,1
river,7
steamboats,1
exhibited,1
accident,5
calling,6
authorities,3
condition,2
riverside,2
landingstages,1
depressed,1
shaken,4
hurts,2
sends,1
clasping,1
unclasping,1
devils,2
decoyed,3
embankment,1
direct,5
win,1
spun,1
flies,1
loaf,1
devoured,1
voraciously,1
washing,1
draught,3
hungry,2
starving,1
bite,2
unavenged,1
devilish,1
trademark,11
cupboard,4
pieces,1
squeezed,1
j,1
o,1
addressed,2
captain,2
calhoun,2
lone,6
star,9
savannah,5
await,1
enters,1
port,2
chuckling,1
sleepless,1
precursor,1
leader,1
dates,4
names,5
lloyds,1
registers,1
files,3
career,1
touched,6
february,2
83,2
thirtysix,3
tonnage,1
texas,1
origin,1
vessels,1
dock,3
homeward,3
gravesend,4
easterly,1
goodwins,1
isle,1
wight,1
mates,1
nativeborn,1
americans,1
finns,1
germans,1
stevedore,1
loading,1
cargo,1
cable,1
badly,2
murderers,1
themselves,4
somewhere,7
atlantic,2
sternpost,1
swinging,6
trough,3
wave,3
l,1
carved,1
isa,4
whitney,6
dd,1
theological,1
college,2
georges,4
addicted,1
opium,11
foolish,4
freak,1
quinceys,1
sensations,1
drenched,2
laudanum,1
rid,5
slave,1
mingled,2
pasty,1
pinpoint,1
pupils,1
89there,1
clock,5
needlework,1
lap,5
linoleum,1
flew,4
darkcoloured,1
stuff,1
selfcontrol,2
wifes,7
kate,3
grief,7
birds,6
lighthouse,1
sweet,6
wine,1
comfortably,1
doctors,8
school,2
soothed,1
comforted,1
surest,1
den,14
hitherto,1
orgies,1
twitching,1
spell,1
eightandforty,1
doubtless,4
dregs,1
docks,1
poison,6
sleeping,3
swandam,8
timid,2
pluck,2
ruffians,1
escort,2
whitneys,2
promised,5
cheery,2
speeding,1
eastward,1
errand,4
alley,1
lurking,1
wharves,2
slopshop,1
ginshop,1
steep,1
gap,1
cave,1
ordering,1
ceaseless,1
tread,3
flickering,1
oillamp,2
latch,1
terraced,1
forecastle,1
emigrant,1
bodies,3
poses,1
chins,1
lacklustre,1
shadows,1
glimmered,3
circles,2
faint,3
waxed,1
waned,1
bowls,1
pipes,2
muttered,4
monotonous,3
gushes,1
tailing,1
thoughts,6
heed,1
neighbour,1
brazier,2
charcoal,2
threelegged,1
stool,1
resting,1
malay,1
attendant,2
supply,5
beckoning,2
berth,1
exclamation,2
haggard,2
unkempt,1
pitiable,4
nerve,3
twitter,1
19th,1
heavens,9
dyou,3
frighten,2
pipesi,1
katepoor,1
sleepers,2
breath,6
stupefying,1
fumes,1
skirt,2
absorbed,1
lassitude,1
wrinkles,2
subsided,1
doddering,1
looselipped,1
senility,1
sottish,1
mischief,1
recommend,2
lot,6
requests,1
mastery,1
normal,1
decrepit,1
shuffled,1
straightened,2
hearty,5
opiumsmoking,1
injections,1
weaknesses,1
favoured,2
prey,2
midst,3
incoherent,1
ramblings,1
sots,1
purchase,1
rascally,1
lascar,12
sworn,2
vengeance,1
trapdoor,1
wharf,3
moonless,1
nights,8
ay,2
1000,7
vilest,3
murdertrap,1
neville,18
clair,23
forefingers,1
shrillya,1
whistle,10
clink,2
dogcart,6
tunnels,1
lanterns,1
trusty,2
comrade,1
chronicler,1
cedars,3
doublebedded,2
clairs,4
kent,3
sevenmile,1
flicked,1
horse,8
succession,2
sombre,4
deserted,6
gradually,2
balustraded,1
murky,1
sluggishly,1
wilderness,1
bricks,5
mortar,1
regular,3
songs,1
shouts,1
belated,1
revellers,1
wrack,1
drifting,2
twinkled,4
rifts,1
tax,8
sorely,1
current,2
villas,2
gift,1
invaluable,3
overpleasant,1
meets,1
absurdly,2
somehow,1
plenty,4
thread,1
concisely,1
maybe,2
agoto,1
1884there,1
style,3
1887,1
brewer,1
companies,1
514,1
cannon,1
thirtyseven,1
temperate,1
ascertain,1
88,1
10s,2
220,1
counties,2
weighing,1
earlier,1
remarking,2
commissions,1
perform,4
parcel,1
expecting,1
aberdeen,2
shipping,1
fresno,2
shopping,1
proceeded,2
companys,1
435,1
ejaculation,3
secondfloor,1
describes,1
agitated,2
frantically,2
plucked,2
irresistible,1
feminine,1
necktie,1
stepsfor,1
tonightand,1
attempted,3
ascend,2
aided,1
dane,1
acts,1
fears,5
constables,3
accompanied,1
resistance,1
crippled,1
wretch,1
aspect,2
stoutly,1
swore,2
denial,1
deluded,1
cascade,1
childrens,1
toy,2
discovery,3
cripple,5
abominable,1
strip,1
windowsill,2
drops,2
curtain,3
socks,1
watchall,1
garments,4
exit,1
bloodstains,3
sill,5
swimming,1
villains,1
implicated,1
antecedents,1
accessory,1
defence,1
protested,2
hugh,4
boone,7
lodger,2
beggar,6
regulations,1
pretends,1
trade,2
vestas,1
threadneedle,2
lefthand,3
crosslegged,2
matches,4
charity,1
descends,1
greasy,1
harvest,1
reaped,1
disfigured,1
horrible,13
scar,4
outer,2
mendicants,1
chaff,1
singlehanded,1
prime,1
powerful,3
wellnurtured,1
weakness,1
compensated,1
fainted,6
escorted,2
investigations,3
barton,1
arresting,1
communicated,2
remedied,1
incriminate,1
shirtsleeve,1
ringfinger,1
nail,1
bleeding,2
adding,1
stains,2
source,2
denied,3
strenuously,1
assertion,1
declared,3
dreaming,1
protesting,1
ebbing,1
afford,2
mudbank,1
uncovered,1
receded,1
stuffed,1
pennies,3
halfpennies421,1
270,1
halfpennies,1
swept,5
eddy,1
weighted,2
stripped,1
sucked,1
speciously,1
telltale,1
seize,1
swim,1
sink,2
downstairs,7
confederate,3
rushes,1
hoard,1
accumulated,1
fruits,1
beggary,1
stuffs,1
coins,2
coats,1
throws,3
feasible,2
solvedwhat,1
disappearanceare,1
detailing,1
whirling,1
outskirts,2
straggling,1
hedge,2
villages,2
middlesex,1
surrey,5
sits,2
conducting,1
disposal,2
welcome,1
hate,1
whoa,2
stableboy,3
springing,3
graveldrive,3
blonde,1
mousseline,1
soie,1
chiffon,1
flood,1
halfraised,1
eagerness,2
associate,4
forgive,3
madam,12
campaigner,1
welllit,1
diningroom,3
supper,7
feelings,1
hysterical,2
fainting,2
simply,3
hearts,3
embarrassed,1
rug,3
basketchair,3
galvanised,1
roared,2
snatched,2
smoothing,1
intently,1
coarse,3
stamped,1
inquire,3
blotted,1
pause,2
signetring,1
dearest,3
rectify,1
patienceneville,1
pencil,3
flyleaf,1
octavo,1
watermark,1
gummed,1
chewing,1
lighten,1
venture,2
discourage,1
respond,1
ignorant,3
valuable,6
corroborate,1
unthinkable,1
inarticulate,1
leaped,1
bare,4
unsolved,1
rearranging,2
fathomed,1
insufficient,2
preparing,1
allnight,2
dressinggown,6
collecting,1
pillows,2
cushions,1
armchairs,1
constructed,1
eastern,2
divan,1
ounce,2
briar,1
vacantly,1
motionless,1
strongset,1
wake,3
summer,3
apartment,4
haze,1
heap,1
previous,7
awake,4
stirring,3
sleeps,2
fools,1
deserve,1
kicked,1
bathroom,1
joking,4
incredulity,2
gladstone,2
sunshine,1
halfclad,1
carts,1
vegetables,2
metropolis,3
lifeless,1
dream,6
flicking,1
gallop,1
wisdom,1
earliest,1
risers,1
sleepily,1
crossed,4
wellington,1
wheeled,1
sharply,4
saluted,1
bradstreet,12
stoneflagged,1
peaked,1
frogged,1
officelike,1
ledger,3
telephone,1
projecting,2
beggarman,1
boonethe,1
charged,3
remanded,1
cells,2
tinkers,1
bath,1
barred,6
whitewashed,4
coarsely,1
coloured,2
shirt,4
tattered,2
grime,1
repulsive,2
ugliness,1
wheal,1
perpetual,2
beauty,8
needs,2
tools,1
bathsponge,1
doesnt,1
cell,2
sleeper,3
slumber,1
stooped,2
waterjug,1
moistened,1
sponge,2
prisoners,1
peeled,1
horrid,3
seamed,1
twitch,1
refinedlooking,1
blackhaired,1
smoothskinned,1
sleepy,3
bewilderment,2
exposure,4
scream,5
pillow,3
abandons,1
destiny,2
grin,2
twentyseven,1
cake,1
illegally,1
detained,1
patted,2
convince,1
submit,3
proper,1
passionately,2
endured,1
imprisonment,3
execution,1
blot,1
schoolmaster,2
chesterfield,1
reporter,1
editor,1
articles,4
begging,4
volunteered,1
base,1
secrets,1
famous,2
greenroom,1
attainments,1
painted,1
fleshcoloured,2
plaster,2
appropriate,1
ostensibly,1
matchseller,1
plied,1
26s,1
4d,1
backed,1
writ,1
25,1
fortnights,1
creditor,1
debt,3
arduous,1
2,4
smearing,2
dollars,1
won,1
reporting,1
chosen,3
inspiring,1
filling,1
coppers,2
keeper,1
squalid,1
evenings,2
transform,1
saving,2
sums,3
700,1
yearwhich,1
takingsbut,1
facility,2
repartee,1
improved,2
varied,2
poured,3
ambitious,1
dressing,1
entreated,1
pigments,1
wig,1
pierce,1
betray,1
reopening,1
takings,2
thames,1
relief,2
identified,2
preference,1
confided,2
constable,2
scrawl,1
unobserved,1
sailor,1
customer,1
approvingly,1
prosecuted,1
hush,2
oaths,1
consuming,1
christmas,10
wishing,1
compliments,1
piperack,1
pile,4
studied,2
hung,8
seedy,2
hardfelt,1
cracked,3
places,6
forceps,1
suspended,1
interrupt,1
onehe,1
jerked,2
hatbut,1
instruction,1
warmed,1
crackling,3
frost,3
ice,1
crystals,1
linked,2
itthat,1
whimsical,2
million,1
beings,1
jostling,1
space,1
humanity,1
combination,1
allude,1
recover,2
category,1
peterson,10
commissionaire,4
trophy,1
belongs,3
owner,7
battered,3
billycock,1
intellectual,5
fat,5
roasting,1
petersons,1
honest,1
jollification,1
gaslight,2
tallish,1
stagger,1
slung,1
goodge,2
roughs,3
defend,1
smashed,1
assailants,1
shocked,2
officiallooking,1
uniform,2
fled,3
battle,1
spoils,1
victory,1
unimpeachable,2
restored,1
henry,10
tied,5
legible,1
lining,4
bakers,2
ours,1
restore,1
eaten,1
unnecessary,4
finder,1
fulfil,1
ultimate,1
advertise,2
article,4
ruefully,3
makers,1
brim,1
hatsecurer,2
elastic,2
dusty,2
patches,1
handing,1
infer,2
represent,2
balance,1
probability,1
moral,2
retrogression,2
decline,3
selfrespect,2
disregarding,2
remonstrance,1
leads,3
sedentary,1
training,3
anoints,1
limecream,3
patent,1
improbable,2
gas,4
attained,1
stupid,1
cubic,1
capacity,2
flat,2
brims,1
quality,1
ribbed,1
buy,7
assuredly,1
disc,1
loop,3
sold,7
hats,1
replace,4
weakening,1
daubing,1
plausible,1
recently,2
gathered,3
discloses,1
hairends,1
scissors,1
barber,1
adhesive,1
odour,1
gritty,1
indoors,3
wearer,1
perspired,1
wifeyou,1
accumulation,1
allows,1
affection,2
nay,1
peaceoffering,1
tallow,1
stain,2
frequent,2
tallowwalks,1
guttering,1
candle,3
tallowstains,1
gasjet,1
dazed,3
gasped,6
eh,2
flapped,2
kitchen,6
fairer,1
scintillating,1
bean,1
purity,1
radiance,2
electric,2
trove,1
diamond,1
countess,8
morcars,2
mercy,2
plumped,1
sentimental,1
considerations,1
background,1
induce,2
gem,2
aright,1
cosmopolitan,3
december,2
22nd,3
horner,13
jewelcase,4
smoothed,1
doubled,1
jewel,4
26,1
inst,2
morcar,2
ryder,11
upperattendant,1
dressingroom,6
solder,1
loose,6
bureau,9
morocco,2
casket,1
transpired,2
dressingtable,3
catherine,2
cusack,2
deposed,1
ryders,1
dismay,1
struggled,3
summarily,1
offence,1
intense,2
tossing,2
sequence,2
rifled,2
bored,2
played,1
simplest,1
recourse,1
630,1
221b,1
concise,1
mischance,1
bitterly,2
regretted,4
introduction,2
advertising,2
agency,4
globe,1
pall,1
mall,1
standard,1
echo,1
bonny,1
glints,1
sparkles,1
nucleus,1
focus,1
pet,2
baits,1
jewels,2
facet,1
bloody,1
amoy,1
ruby,1
murders,1
vitriolthrowing,1
robberies,2
fortygrain,1
crystallised,1
purveyor,1
determine,5
dine,1
woodcock,2
occurrences,1
delayed,1
halfpast,4
scotch,2
semicircle,1
fanlight,1
geniality,1
circulation,1
adapted,1
winter,1
rounded,1
intelligent,1
sloping,1
tremor,1
recalled,3
lank,1
staccato,1
choosing,1
learning,1
illusage,1
giving,5
shamefaced,1
shillings,3
plentiful,1
assaulted,1
recovering,2
sigh,1
feathers,1
relics,1
disjecta,1
membra,1
permission,12
confine,2
shrug,1
fowl,1
fancier,1
tucked,1
alpha,7
inn,7
museumwe,1
museum,2
host,1
windigate,3
pence,2
duly,1
pomposity,1
strode,2
ulsters,1
cravats,1
throats,1
stars,3
blew,2
shots,1
footfalls,2
crisply,1
swung,4
wimpole,1
harley,1
wigmore,1
bloomsbury,1
publichouse,2
holborn,2
ruddyfaced,1
whiteaproned,1
geese,17
speaking,2
thems,1
salesman,9
covent,3
breckinridge,7
prosperity,1
frosty,1
penal,1
servitude,1
establish,2
guilt,4
faces,2
endell,1
zigzag,1
slums,1
horseylooking,1
trim,2
helping,1
nodded,4
slabs,2
marble,1
stall,3
gasflare,1
recommended,2
akimbo,1
lets,2
supplied,1
shant,1
warm,3
youd,2
pestered,1
bet,3
fowls,3
fiver,2
ate,2
bred,3
snapped,2
handled,1
nipper,1
teach,1
grimly,1
greasybacked,1
finish,1
numbers,2
big,5
suppliers,1
oakshott,7
117,2
brixton,6
road249,1
egg,4
poultry,1
supplier,1
whats,3
entry,1
twentyfour,1
7s,1
6d,3
underneath,1
12s,1
chagrined,1
slab,1
lamppost,1
noiseless,2
un,1
daresay,2
100,3
wager,1
nearing,2
surly,1
hubbub,2
ratfaced,1
framed,2
fiercely,2
cringing,1
pestering,1
silly,1
whined,1
proosia,1
inquirer,1
flitted,1
striding,1
knots,2
flaring,1
speedily,3
overtook,2
vestige,1
quavering,1
overhearing,1
longed,1
quivering,1
hailed,1
cosy,1
windswept,1
marketplace,1
robinson,1
sidelong,1
sweetly,1
alias,1
halffrightened,1
halfhopeful,1
verge,2
windfall,1
claspings,1
unclaspings,1
cheerily,2
filed,1
seasonable,1
slippers,3
interestedwhite,1
quivered,1
deadthe,1
bonniest,1
unlocked,5
strongbox,1
manypointed,1
glaring,1
disown,1
games,1
felony,3
dash,2
shrimp,1
tinge,1
accuser,1
proofs,2
seeher,1
ladyships,1
waitingmaid,2
wealth,3
acquired,1
scrupulous,1
villain,7
roomyou,1
cusackand,1
gods,3
bible,1
christs,1
sternly,2
cringe,1
crawl,2
parched,1
commission,6
sisters,8
fattened,2
sweat,1
pouring,2
upset,1
wondered,1
maudsley,1
serving,1
pentonville,1
thieves,3
kilburn,3
agonies,1
waddling,1
shed,1
birdsa,1
prying,1
gulp,1
gullet,1
brute,3
jem,3
fattest,1
youjems,1
yonder,1
twentysix,2
maggie,2
id,4
handling,2
expressly,1
huffed,1
flock,1
kill,1
knife,2
dealers,2
chose,1
barredtailed,1
nowand,1
branded,1
convulsive,1
sobbing,1
heaven,3
crisp,3
reaching,3
deficiencies,1
collapse,1
commuting,1
gaolbird,1
forgiveness,2
chief,3
seventy,1
tragic,1
comic,1
acquirement,1
tend,2
roylotts,9
stoke,11
association,1
sharing,3
bachelors,1
freed,1
untimely,1
rumours,3
grimesby,8
roylott,14
woke,1
riser,1
blinked,1
resentment,1
knock,4
retorted,1
thena,1
insists,1
ladies,9
beds,2
outset,1
keener,1
admiring,2
rapid,1
intuitions,1
basis,1
unravelled,1
accompany,1
veiled,2
intimate,5
shivering,1
shiver,1
changing,1
requested,1
restless,1
hunted,1
premature,1
allcomprehensive,1
soothingly,1
patting,1
forearm,1
ticket,1
spattered,1
vehicle,1
leatherhead,4
strain,2
continues,1
tonone,1
cares,1
farintosh,2
sore,1
surrounds,1
control,2
casebook,1
consulted,2
opal,1
tiara,1
devote,2
defray,1
soothing,4
averted,1
manifold,1
wickedness,2
dangers,2
encompass,1
helen,4
stoner,19
survivor,2
oldest,1
saxon,1
western,1
richest,2
estates,1
borders,2
berkshire,4
hampshire,4
century,1
heirs,1
dissolute,1
wasteful,1
gambler,2
regency,1
acres,2
twohundredyearold,1
mortgage,1
squire,1
dragged,4
aristocratic,3
pauper,1
adapt,1
obtained,1
advance,6
relative,2
enabled,1
calcutta,1
perpetrated,1
native,1
butler,2
sentence,5
term,1
morose,3
disappointed,3
widow,1
majorgeneral,1
bengal,1
artillery,1
julia,3
twins,2
remarriage,1
moneynot,1
yearand,1
bequeathed,1
resided,2
provision,2
annual,1
event,4
diedshe,1
railway,3
crewe,1
ancestral,1
obstacle,2
exchanging,1
overjoyed,1
ferocious,1
approaching,4
mania,1
stepfathers,2
intensified,1
tropics,1
disgraceful,2
brawls,1
village,7
folks,1
blacksmith,1
parapet,1
avert,3
wandering,3
gipsies,7
vagabonds,1
encamp,1
bramblecovered,1
accept,5
hospitality,1
tents,1
animals,1
correspondent,2
cheetah,6
baboon,4
villagers,1
whiten,1
aunt,2
honoria,1
westphail,1
harrow,3
halfpay,1
marines,1
fortnight,2
deprived,2
cushion,1
seared,2
manorhouse,1
wing,7
inhabited,3
bedrooms,3
sittingrooms,2
central,4
buildings,1
chatting,1
awakened,3
fromperhaps,1
wretched,2
consequence,1
security,6
impending,1
links,4
bind,1
souls,1
allied,1
howling,1
splashing,1
forth,12
terrified,3
shawl,1
clanging,2
revolved,1
hinges,2
horrorstricken,1
corridorlamp,1
blanched,1
swaying,1
drunkard,1
writhed,3
dreadfully,2
convulsed,1
fain,1
stabbed,1
convulsion,1
hastening,2
unconscious,4
beloved,1
metallic,5
crash,2
creaking,1
nightdress,1
charred,1
match,5
matchbox,1
investigated,1
notorious,1
satisfactory,1
fastened,10
oldfashioned,2
flooring,2
wide,3
staples,1
pure,2
banda,1
handkerchiefs,1
adjective,1
waters,1
lonelier,1
armitagepercy,1
armitagethe,1
armitage,1
crane,1
opposition,1
repairs,3
move,4
thrill,1
herald,1
frill,1
lace,1
fringed,1
livid,1
spots,1
housekeeper,2
trip,1
lightened,1
glided,2
impassable,1
whistles,2
combine,1
stepdaughters,1
falling,2
agricultural,2
huntingcrop,2
doorway,1
breadth,1
span,1
deepset,1
bileshot,1
fleshless,2
apparition,1
stepdaughter,2
furiously,2
crocuses,1
imperturbably,1
meddler,1
busybody,1
broadened,3
jackinoffice,1
decided,1
meddle,1
dangerous,6
poker,3
snarled,2
feeble,1
insolence,1
confound,1
zest,1
imprudence,2
allowing,1
commons,1
excursion,1
prices,3
investments,2
total,1
1100,1
750,1
250,1
pittance,1
wasted,3
dawdling,1
eleys,1
pokers,1
toothbrush,1
catching,1
hired,1
lanes,1
fleecy,2
wayside,2
hedges,2
green,3
shoots,1
tapped,3
timbered,1
slope,2
thickening,1
grove,1
jutted,1
gables,1
rooftree,1
mansion,1
cluster,1
shorter,2
stile,2
footpath,1
shading,1
climbed,1
architects,1
gossip,2
goodafternoon,2
joy,5
splendidly,1
sketched,1
aunts,1
lichenblotched,1
portion,4
curving,1
wings,2
crab,1
boards,4
partly,1
caved,1
repair,1
comparatively,2
modern,2
scaffolding,1
erected,2
stonework,1
workmen,1
illtrimmed,1
outsides,1
pending,1
alterations,1
unapproachable,1
slit,3
tested,1
firmly,2
masonry,1
scratching,1
perplexity,3
bolted,1
countryhouses,1
whitecounterpaned,1
wickerwork,1
wilton,1
carpet,2
panelling,1
wormeaten,1
oak,2
original,4
bellrope,5
tassel,1
housekeepers,1
newer,1
crawled,1
woodwork,2
panelled,1
brisk,4
tug,1
dummy,2
attached,3
ventilator,14
rope,3
fool,3
builder,1
changes,1
characterdummy,1
bellropes,1
ventilators,1
ventilate,1
researches,2
campbed,1
technical,1
cat,3
saucer,3
milk,5
satisfying,1
squatted,1
hullo,4
lash,4
liking,1
roused,3
reverie,1
compliance,6
pretence,1
headache,1
undo,1
hasp,1
occupy,1
investigate,1
noise,4
pitys,1
clearer,3
fright,1
tangible,1
threaten,1
manor,2
looming,1
undoing,1
gates,2
hoarse,2
fury,1
clinched,1
scruples,1
element,1
coincidence,1
dies,1
clamped,2
ropeor,1
hinting,1
palmer,1
pritchard,1
horrors,1
cheerful,2
extinguished,1
exchanged,2
blowing,3
twinkling,1
unrepaired,1
breaches,1
gaped,2
clump,3
laurel,1
bushes,2
darted,1
distorted,1
pets,1
affected,2
shoes,6
noiselessly,2
cast,4
daytime,1
creeping,1
trumpet,1
cane,3
vigil,1
openeyed,1
ray,1
occasional,4
nightbird,1
catlike,1
whine,1
tones,2
parish,2
boomed,1
befall,2
oil,1
heated,1
darklantern,2
stronger,3
straining,1
audiblea,1
steam,1
escaping,1
kettle,1
lashed,2
flashing,1
loathing,1
swelled,1
yell,1
distant,1
parsonage,1
echoes,1
handle,2
beam,1
ajar,1
ankles,1
heelless,1
turkish,1
rigid,2
brownish,1
speckles,1
tightly,3
headgear,1
reared,1
squat,1
diamondshaped,1
loathsome,1
serpent,1
swamp,2
adder,1
recoil,1
schemer,1
falls,1
pit,2
digs,1
shelter,1
dogwhip,1
noose,1
reptiles,1
prolong,1
indiscreetly,1
erroneous,1
reconsidered,2
coupled,1
creatures,1
ruthless,1
rapidity,1
sharpeyed,1
punctures,1
fangs,2
dispel,1
hastily,1
hiss,1
causing,3
snakish,1
indirectly,3
responsible,2
weigh,1
conscience,2
intimacy,1
noticethat,1
hatherleys,1
warburtons,1
madness,1
afforded,1
finer,2
inception,1
worthy,2
fewer,2
openings,1
deductive,1
achieved,1
en,1
bloc,1
halfcolumn,1
evolve,1
clears,1
furnishes,1
lapse,1
weaken,1
89,1
summarise,1
forgo,1
steadily,1
officials,1
cured,1
lingering,1
virtues,1
consultingroom,2
hastened,3
ally,1
jerking,1
caged,1
couldnt,1
dooties,1
heather,1
soft,4
mottled,1
fiveandtwenty,1
masculine,1
suffering,1
inquiring,1
sidetable,1
victor,1
hydraulic,10
engineer,7
16a,1
abode,1
regret,1
librarychair,1
caraffe,1
outbursts,1
crisis,2
palelooking,1
bloodless,2
unwound,1
shudder,1
spongy,1
surface,2
hacked,1
bled,1
braced,2
twig,1
hydraulics,1
province,2
cleaver,2
murderous,3
attack,1
horrify,2
sponged,1
cleaned,2
cotton,1
wadding,1
carbolised,1
bandages,1
wincing,1
bandage,1
convincing,3
believed,3
justice,6
agony,3
beforebreakfast,1
composed,3
plugs,1
dottles,1
collected,1
genial,2
rashers,1
eggs,1
joined,2
tired,1
stimulant,1
bandaged,1
cure,1
heavylidded,1
detailed,1
orphan,2
residing,2
apprenticed,1
venner,1
matheson,1
greenwich,1
dreary,1
exceptionally,2
consultations,1
clerk,1
lysander,7
stark,9
engraved,1
exceeding,1
thinness,1
sharpened,1
tense,1
bones,2
emaciation,1
due,5
nearer,3
forty,1
proficient,1
discreet,2
preserving,1
qualifications,1
essentialabsolute,1
bosom,2
darting,1
lightning,1
masters,1
thoughtful,2
repulsion,1
antics,1
restrain,1
stamping,1
gear,1
munificent,1
eyford,9
oxfordshire,1
shakedown,1
convenient,1
judged,1
recompense,3
inconvenience,4
fee,13
accommodate,1
commit,1
eavesdroppers,1
thus,5
fullersearth,7
product,2
placea,1
placewithin,1
deposit,4
leftboth,1
goldmine,1
unfortunately,3
secretly,1
enable,2
operations,1
jealously,1
rouse,1
excavating,1
dug,1
gravel,1
compress,2
revealing,1
cool,2
astonished,2
tenfold,1
patron,1
unpleasant,6
necessity,1
lest,3
winds,2
obeyed,2
injunction,1
dimlit,1
passenger,1
porter,2
wicket,1
interjected,1
chestnut,2
tiredlooking,1
glossy,2
interrupted,1
intensity,1
lurched,1
jolted,1
frosted,1
blur,1
hazarded,1
monotony,1
monosyllables,1
flagged,1
bumping,1
smoothness,1
porch,1
fleeting,1
threshold,3
slammed,3
faintly,1
fumbled,1
muttering,2
broader,1
pushing,3
gloss,1
tone,2
gruff,1
monosyllable,1
harmonium,1
treatises,1
volumes,1
poetry,1
hoping,1
countryside,3
ticking,1
uneasiness,2
steal,1
outoftheway,1
towns,1
radius,2
secluded,1
stillness,2
tune,1
fiftyguinea,3
preliminary,2
sick,2
warn,2
hinders,1
headstrong,1
engage,1
wearisome,1
slink,1
payment,1
monomaniac,1
renew,1
entreaties,2
overhead,1
footsteps,2
despairing,1
newcomers,2
chinchilla,1
creases,3
introduced,2
ferguson,4
secretary,2
dig,1
corridors,1
passages,1
staircases,1
thresholds,1
hollowed,1
carpets,1
peeling,1
unhealthy,1
unconcerned,1
disregarded,1
fellowcountryman,1
ushered,2
descending,3
piston,1
tons,1
lateral,1
columns,2
transmit,1
multiply,1
stiffness,1
exercising,1
levers,3
whishing,1
leakage,1
regurgitation,1
cylinders,2
indiarubber,1
drivingrod,1
shrunk,2
socket,1
fabrication,1
engine,2
designed,1
inadequate,1
crust,1
scraping,1
cadaverous,1
tricked,1
rashness,1
baleful,1
kicks,1
shoves,1
clank,1
swish,1
leaking,1
cylinder,1
jerkily,1
grind,1
shapeless,2
pulp,1
nails,1
implored,2
remorseless,1
clanking,1
drowned,1
cries,1
upraised,1
spine,1
shuddered,1
wavering,1
erect,2
gush,1
halffainting,1
frantic,1
plucking,1
foolishly,1
rejected,1
breathlessly,1
soprecious,1
scorn,1
moon,2
butchers,1
wholesome,1
moonlight,3
clambered,1
saviour,1
ruffian,1
illused,1
risks,1
fritz,2
elise,1
conscious,2
loosened,1
dizziness,1
throbbing,1
painfully,1
buzzing,1
rosebushes,2
dew,1
coatsleeve,1
wounded,1
smarting,1
pursuers,1
ugly,1
ponderous,1
cuttings,1
jeremiah,1
hayling,1
aged,1
etc,2
represents,1
overhauled,1
explains,1
outandout,1
pirates,1
captured,1
plainclothes,2
ordnance,1
compasses,1
softened,1
agrees,1
hills,2
diversity,1
boxed,1
compass,1
casting,1
vote,1
twelvemile,1
ruse,1
coiners,1
scale,1
amalgam,1
halfcrowns,1
thanks,2
destined,1
ostrich,1
landscape,1
steamed,1
stationmaster,3
bechers,1
becher,2
englishman,3
betterlined,1
foreigner,1
topped,1
spouting,1
fireengines,1
vainly,1
striving,1
flames,2
realised,2
peasant,1
cart,1
containing,2
fugitives,1
ingenuity,1
whereabouts,2
firemen,1
perturbed,2
severed,1
sunset,1
reduced,1
piping,1
machinery,2
dearly,1
masses,1
nickel,1
tin,1
stored,2
outhouse,2
mould,2
unusually,1
bold,1
assisted,1
remainder,2
simon,39
termination,1
moves,1
scandals,1
eclipsed,1
piquant,1
gossips,1
fouryearold,1
drama,1
memoir,1
episode,1
stroll,1
autumnal,2
jezail,1
bullet,1
relic,1
afghan,1
throbbed,1
persistence,2
easychair,2
saturated,1
listless,2
crest,1
lazily,2
fashionable,2
fishmonger,1
tidewaiter,1
humbler,1
unwelcome,1
social,3
summonses,1
affectation,1
status,5
diligently,1
holmeslord,1
backwater,2
tells,1
implicit,1
reliance,1
assures,1
sees,2
postpone,2
paramount,1
faithfully,3
grosvenor,2
mansions,1
quill,1
smear,1
arrange,1
extracts,1
redcovered,1
flattening,1
robert,6
walsingham,1
vere,1
balmoral,4
azure,1
caltrops,1
fess,1
sable,1
1846,1
fortyone,1
mature,1
undersecretary,1
administration,1
inherit,1
plantagenet,1
descent,1
tudor,1
distaff,1
refer,1
disliked,1
van,1
nowthough,1
selections,1
rumour,1
hatty,3
doran,10
aloysius,5
san,2
francisco,2
cal,1
usa,1
terse,1
stretching,3
amplifying,1
protection,1
freetrade,1
principle,1
management,2
britain,1
cousins,1
prizes,1
invaders,1
arrows,1
definitely,1
california,3
graceful,1
westbury,1
festivities,1
currently,1
dowry,3
expectancies,1
birchmoor,1
californian,1
gainer,1
alliance,1
transition,1
peeress,1
hanover,2
invited,2
lancaster,2
laterthat,1
lastthere,1
honeymoon,2
backwaters,1
petersfield,1
ceremony,5
incomplete,2
occurrence,1
consternation,1
episodes,1
persistently,1
floating,2
affecting,1
disregard,1
performed,2
eustace,1
clara,1
alicia,1
whittington,1
prepared,2
ascertained,1
bridal,1
alleging,1
prolonged,2
ejected,1
footman,1
fortunately,2
interruption,1
indisposition,1
comment,1
footmen,1
apparelled,1
believing,1
conjunction,1
speedy,1
disturbance,4
jealousy,2
flora,8
millar,5
danseuse,1
allegro,2
nowso,1
worlds,1
pageboy,1
cultured,1
highnosed,1
petulance,1
steady,1
wellopened,1
undue,1
stoop,1
bend,1
curlybrimmed,1
foppishness,1
patentleather,1
lightcoloured,1
advanced,2
eyeglasses,1
bowing,2
class,2
pardon,2
extend,1
prints,1
correctthis,1
supplementing,1
offer,3
arrive,2
directly,2
travelling,1
friendly,4
footing,3
amused,2
pacific,1
mining,2
invested,1
leaps,1
bounds,1
ladysyour,1
mountains,1
tomboy,1
unfettered,1
traditions,1
impetuousvolcanic,1
fearless,1
resolutions,1
bearhe,1
coughhad,1
heroic,1
selfsacrifice,1
dishonourable,1
repugnant,1
locket,2
ivory,1
miniature,1
artist,1
lustrous,1
exquisite,1
renewed,1
fait,1
accompli,1
possibleat,1
relate,1
childish,1
bouquet,3
vestry,1
pew,7
exclude,1
commonlooking,1
reentering,1
confidential,2
liberties,1
overhear,1
jumping,1
slang,2
expressive,2
breakfastroom,1
deposes,1
brides,3
hyde,1
dorans,2
yearsi,1
ungenerously,1
complaint,2
hotheaded,1
devotedly,2
uttering,1
abusive,1
expressions,1
threatening,1
fellows,1
supposition,1
transformer,1
characters,1
propound,1
deranged,1
backi,1
aspired,1
successi,1
conceivable,1
detain,1
wiser,2
crossquestioning,1
trout,1
thoreaus,1
preexisting,1
serves,2
munich,1
francoprussian,1
casesbut,1
tumbler,1
attired,1
cravat,2
nautical,1
canvas,1
twinkle,1
dissatisfied,3
infernal,1
dragging,1
trafalgar,1
fountain,1
tumbled,1
weddingdress,1
watered,1
satin,1
wreath,1
soaked,1
weddingring,1
nut,1
margin,1
parkkeeper,1
wardrobe,2
implicating,1
bitterness,1
blunders,1
cardcase,2
slapped,1
fhm,1
confederates,1
lured,1
riveted,1
triumph,1
youre,3
fragment,2
oct,1
8s,1
2s,2
cocktail,1
1s,1
sherry,2
8d,1
drawled,1
rival,1
myth,1
sadly,1
outdoor,1
confectioners,1
unpacked,1
epicurean,1
humble,2
lodginghouse,1
mahogany,1
brace,1
pheasant,1
pâté,1
foie,1
gras,1
pie,1
ancient,1
cobwebby,1
luxuries,1
genii,1
arabian,1
briskly,2
dropping,2
bustling,1
messenger,1
measure,1
authority,1
subjected,1
humiliation,2
purest,1
standpoint,1
blame,3
abrupt,1
allowance,3
unprecedented,1
landing,1
lenient,1
advocate,1
francis,3
hay,1
moulton,4
offended,2
pleading,1
resist,2
wiry,1
sunburnt,1
alert,1
mcquires,1
rockies,1
pa,9
petered,1
poorer,1
lasting,1
frisco,4
shouldnt,1
montana,1
prospecting,1
arizona,1
mexico,1
miners,2
apache,1
indians,1
franks,1
doubted,2
rails,1
ghost,1
buzz,1
bee,1
scribble,1
beckoned,1
meseemed,1
alsobut,1
gordon,2
apaches,1
openness,1
againjust,1
sending,2
lords,1
weddingclothes,1
paris,1
meanly,1
relaxed,1
frowning,1
lordship,1
acquiesce,1
developments,1
stalked,1
folly,1
monarch,1
blundering,1
minister,1
fargone,1
citizens,2
worldwide,1
flag,1
quartering,1
stripes,1
narrated,1
viewed,2
undergo,1
repented,1
acquire,1
exclusion,2
womanhood,1
scenes,1
simons,1
device,1
obtaining,3
resort,1
significant,1
claimjumpingwhich,1
parlance,1
prior,1
tothe,1
husbandthe,1
select,3
hotels,2
eightpence,1
northumberland,1
items,1
duplicate,1
forwarded,1
226,1
thither,1
loving,2
paternal,1
gracious,2
mercifully,1
bleak,1
bowwindow,1
madman,1
snow,10
shimmering,1
wintry,1
ploughed,1
crumbly,1
heapedup,1
dangerously,1
slippery,1
passengers,1
metropolitan,1
imposing,1
commanding,1
wellcut,1
pearlgrey,1
springs,1
waggled,1
contortions,1
professionally,1
resounded,1
gesticulating,1
smiles,1
swayed,1
chatted,1
fatigued,1
heaving,1
fighting,1
tight,1
havea,1
unseat,1
disgrace,2
affliction,1
frightful,1
noblest,2
compose,1
befallen,1
alexander,1
banking,3
stevenson,1
belonging,2
foremost,1
remunerative,1
funds,1
increasing,2
depositors,1
lucrative,1
loans,1
libraries,1
thanwell,1
earthone,1
overwhelmed,1
disagreeable,2
advancing,1
50000,1
borrow,1
unwise,1
self,2
parley,1
businesslike,1
possessions,1
empire,1
imbedded,1
magnificent,2
jewellery,1
thirtynine,2
beryls,4
chasing,1
incalculable,1
lowest,2
estimate,1
illustrious,1
propriety,2
reclaim,1
refrain,1
responsibility,1
entailed,1
national,2
ensue,1
consented,1
alter,1
bankers,3
safes,1
streatham,4
breathe,1
maidservants,1
reliability,1
lucy,3
parr,2
admirers,1
holmesa,1
grievous,1
spoiled,2
fade,1
sterner,1
wayward,1
purses,1
squander,1
turf,1
implore,2
burnwell,7
fascination,1
everywhere,1
talker,1
glamour,1
cynical,1
distrusted,1
niece,6
sunbeam,1
housesweet,1
tender,1
lateforever,1
suppressing,1
boxroom,1
200,1
generous,1
dishonoured,3
demand,2
farthing,1
securea,1
kissed,1
singularly,1
lucid,1
tended,1
ere,1
moving,4
wrenching,1
blackguard,1
rage,3
liar,1
probed,2
astir,1
arthurs,3
housemaid,1
sullenly,1
theft,1
ruined,2
convulse,1
nation,1
heinous,1
reparation,1
forgiven,1
concealed,3
gems,13
persuasions,1
threats,1
formalities,1
unravelling,1
rocked,1
droning,1
knitted,2
fourandtwenty,1
straighten,2
awoke,1
considered,2
slam,2
sounding,1
planking,1
probing,1
complex,2
involved,1
nobody,1
tenable,1
accompanying,1
stirred,1
accepted,4
suburb,1
desultory,1
fairbank,2
modest,1
financier,2
goodsized,1
carriagesweep,1
snowclad,1
entrance,2
thicket,1
tradesmens,3
stables,1
stable,6
pallor,1
paleness,1
crying,1
caress,1
liberated,1
harshly,1
suspect,2
suspecting,2
foundnever,1
consequences,1
hushing,1
facing,1
proving,1
cousin,3
mat,1
fasten,1
sweetheart,3
planned,1
greengrocer,1
prosper,1
doorthat,1
magician,1
pausing,1
mirror,2
indicatedthat,1
diadem,1
jewellers,1
finest,1
recoiled,1
lighter,1
inscrutable,1
serve,3
altered,1
limit,1
topic,1
trail,1
willothewisp,1
slice,1
joint,1
rounds,1
bread,1
rude,2
chucked,1
gossiping,1
imply,1
congenial,1
uncommon,1
lateness,1
pinched,1
whiter,1
weariness,1
lethargy,1
prosperous,1
sorrow,3
thoughtless,1
unclei,1
differently,1
worry,1
fruitless,1
illservice,1
lovingmary,1
excessive,1
checkbook,1
4000,1
triangular,1
passionate,1
hugged,1
proud,1
repeat,1
hardest,1
admitted,1
englanda,1
breathed,1
tool,1
kindled,1
extinguishes,1
escapade,1
woodenlegged,1
stealthily,2
petrified,1
passagelamp,1
thrilling,1
hid,1
crushing,1
tugging,1
opponent,2
warmest,1
betraying,1
chivalrous,1
preserved,1
misjudged,1
indistinguishable,1
woodenleg,1
random,1
booted,1
naked,1
depression,1
smudge,1
framework,1
outline,1
instep,1
overseen,1
effected,1
prize,1
maxim,1
excluded,1
maids,2
secretthe,1
outweigh,1
gratitude,1
limited,6
flatter,1
valet,1
buying,1
castoff,1
journeyed,1
illdressed,1
vagabond,1
prosecution,2
astute,1
bluster,1
lifepreserver,1
reasonable,2
held1000,1
receiver,1
promising,1
chaffering,1
exceeded,1
apologise,1
wherever,1
telegraph,1
lowliest,1
manifestations,1
prominence,1
célèbres,1
trials,1
figured,1
synthesis,1
absolved,1
sensationalism,2
erred,2
glowing,2
cinder,1
tongs,1
cherrywood,1
disputatious,1
meditative,1
moodyou,1
attempting,1
statements,2
confining,1
placing,1
notable,1
coldness,1
repelled,1
egotism,1
selfishness,1
conceit,1
impersonal,1
thinga,1
logic,2
degraded,1
lectures,1
duncoloured,1
blurs,1
wreaths,1
glimmer,2
dipping,1
continuously,1
lecture,1
literary,14
shortcomings,1
proportion,1
avoiding,1
bordered,2
unobservant,1
weaver,1
tooth,1
compositor,1
shades,1
enterprise,1
originality,1
degenerating,1
pencils,1
boardingschools,1
zeropoint,1
montague,1
holmesi,1
governess,3
hunter,20
whim,2
freckled,1
plovers,1
troubling,1
greet,1
parents,3
favourably,2
spence,2
munro,2
halifax,1
nova,1
scotia,1
advertisements,1
governesses,2
westaways,1
westaway,1
founder,1
stoper,6
seeking,1
employment,1
anteroom,1
consults,1
ledgers,1
prodigiously,1
fold,2
sweatingrank,1
sweating,1
boiling,1
pitiful,1
attractions,1
accomplishments,2
deportment,1
nutshell,1
rearing,1
destitute,1
pocketbook,1
slits,1
beforehand,1
tradesmen,1
transaction,1
rural,1
winchester,10
countryhouse,1
childone,1
romper,1
killing,1
cockroaches,1
slipper,1
smack,3
childs,2
amusement,2
obey,2
commands,2
heh,2
faddy,1
knowfaddy,1
kindhearted,1
offensive,1
luxuriant,1
sacrificing,1
offhand,1
settles,2
inspect,1
manageress,1
offers,2
exert,1
gong,1
fads,2
obedience,1
overcome,1
huntermiss,1
decision,1
120,2
exacting,1
purchasing,1
philadelphia,2
jephro,2
rucastle,34
goodnatured,1
lunatic,1
asylum,1
humours,1
outbreak,1
solutionin,1
goodtoo,1
uneasy,1
40,1
cease,3
define,1
sacrifice,1
grateful,1
bustled,1
prediction,1
fulfilled,1
sidealley,1
strayed,1
abnormal,1
fad,1
philanthropist,1
indulged,1
stooping,1
retort,1
testtube,1
trains,1
bradshaw,2
studies,1
brief,1
urgent,1
swan,2
midday,1
1130,1
acetones,1
flecked,1
exhilarating,1
nip,1
rolling,1
aldershot,1
farmsteadings,1
foliage,1
fogs,1
curses,1
isolation,1
homesteads,1
alleys,1
sin,1
accomplish,1
tortured,1
thud,1
drunkards,1
beget,1
deeds,1
hidden,1
appeals,1
devised,2
tower,1
cathedral,1
awaited,1
actual,2
illtreatment,1
streaked,1
slopes,1
southampton,3
curves,1
southertons,1
preserves,1
employer,3
palefaced,1
fortyfive,1
unreasoning,2
stepmother,1
uncomfortable,1
colourless,1
reverse,1
nonentity,1
forestalling,1
bluff,1
boisterous,1
saddest,1
tears,1
illnatured,1
disproportionately,1
alternation,1
savage,2
gloomy,1
sulking,1
weaker,1
talent,1
planning,2
capture,1
mice,1
insects,1
relevant,1
toller,15
uncouth,1
drunk,4
sour,1
nursery,2
whims,1
detracted,1
tiniest,1
iota,1
electricblue,1
beige,1
unmistakable,1
vehemence,1
entire,1
funniest,1
humour,1
performance,2
répertoire,1
inimitably,1
sideways,1
chapter,1
consumed,1
handmirror,1
perceived,1
bearded,1
railings,1
lowered,1
divined,1
impertinent,2
stares,1
loitering,1
disconnected,1
planks,1
carlo,1
mastiff,2
feed,1
mustard,1
trespasser,1
lays,1
pretext,1
idle,1
silvered,1
rapt,1
peaceful,1
calf,1
tawny,1
jowl,1
muzzle,2
sentinel,1
burglar,1
coil,2
trunk,2
amuse,1
oversight,1
bunch,1
perfection,1
thickness,1
impossibility,1
obtruded,1
undid,1
tresses,2
identical,1
rucastles,8
observant,2
tollers,1
suite,3
jovial,2
crinkled,1
temples,1
shuttered,2
preoccupied,1
hobbies,1
jesting,1
jest,2
dutya,1
lookout,1
forbidden,1
drinking,1
unpapered,1
uncarpeted,1
cheerless,1
dirt,1
padlocked,1
barricaded,1
corresponded,1
skylight,4
overstrung,1
ranran,1
clutching,1
panted,1
ladyyou,1
caressing,1
wasand,1
coaxing,1
overdid,1
eerie,1
againhere,1
demonill,1
insensibility,1
spellbound,1
winecellar,1
sensible,1
feat,1
facilitate,1
personate,1
imprisoned,1
resembling,1
hers,1
illness,1
sacrificed,1
herspossibly,1
fiancéand,1
gaining,1
tendencies,1
converse,1
valid,1
studying,1
abnormally,1
crueltys,1
derives,1
bodes,1
circumspect,1
dealing,1
burnished,1
setting,1
doorstep,1
thudding,1
snoring,1
duplicates,1
barricade,1
transverse,1
various,2
clouded,1
rickety,1
pallet,1
basketful,1
villainy,1
hunters,1
intentions,1
ladder,3
eaves,1
burly,1
confronted,1
wheres,1
baying,1
hound,1
worrying,2
staggering,1
loosed,1
fed,1
itll,1
famished,1
meeting,1
horribly,1
mangled,1
dispatched,1
sobered,1
relieve,1
assembled,1
alices,1
slighted,1
fowler,5
brainfever,1
persevering,1
seaman,1
blockaded,1
arguments,1
kindspoken,1
freehanded,1
locus,1
standi,1
survived,1
solely,1
mauritius,1
manifested,1
walsall,1
file,2
16618txt,1
16618zip,1
formats,2
httpwwwgutenbergorg1661661,1
updated,1
onethe,1
renamed,1
creating,4
works,32
domain,8
owns,2
copyright,13
foundation,22
distribute,6
royalties,2
distributing,7
gutenbergtm,56
electronic,27
concept,2
registered,2
ebooks,7
specific,1
copies,7
complying,3
creation,1
derivative,3
performances,1
modified,1
awayyou,1
redistribution,2
commercial,1
promoting,2
distribution,6
phrase,4
available,2
httpgutenbergnetlicense,1
section,7
1,2
redistributing,2
1a,1
trademarkcopyright,1
agreement,18
abide,1
access,10
obtain,3
entity,3
1e8,4
1b,1
1c,2
1e,2
archive,13
pglaf,1
compilation,1
located,4
performing,3
displaying,4
based,2
references,2
support,4
format,4
1d,1
laws,8
govern,1
countries,1
constant,1
downloading,1
representations,1
1e1,5
prominently,2
accessed,1
copied,2
distributed,4
1e2,1
indicating,1
fees,4
charges,1
appearing,1
requirements,4
1e7,3
1e9,3
1e3,1
additional,4
imposed,1
1e4,1
unlink,1
detach,1
1e5,1
display,1
redistribute,1
1e6,1
convert,1
binary,1
nonproprietary,1
proprietary,1
including,9
processing,1
hypertext,1
vanilla,2
ascii,2
version,1
user,3
exporting,1
alternate,1
include,1
specified,2
viewing,1
royalty,3
20,1
profits,1
derive,1
calculated,1
calculate,1
applicable,3
taxes,1
owed,1
agreed,1
donate,3
payments,3
legally,1
periodic,1
donations,15
notifies,1
email,4
require,1
physical,2
medium,5
discontinue,1
accordance,2
1f3,5
replacement,5
michael,2
hart,2
3,3
1f,1
1f1,1
volunteers,6
employees,2
expend,1
transcribe,1
proofread,1
despite,1
inaccurate,1
corrupt,1
transcription,1
errors,1
infringement,1
defective,3
damaged,1
disk,1
computer,2
virus,1
codes,1
damage,2
equipment,3
1f2,1
warranty,2
disclaimer,3
damages,4
disclaim,1
liability,3
costs,2
remedies,1
negligence,1
contract,1
distributor,1
liable,1
punitive,1
incidental,1
elect,1
lieu,2
electronically,2
opportunities,1
1f4,1
asis,1
warranties,3
express,1
implied,2
merchantibility,1
fitness,1
1f5,1
disclaimers,1
limitation,3
types,1
violates,1
interpreted,1
maximum,1
permitted,2
invalidity,1
unenforceability,1
void,1
provisions,1
1f6,1
indemnity,1
indemnify,1
employee,1
production,1
promotion,1
harmless,1
alteration,1
modification,1
additions,1
deletions,1
synonymous,1
readable,2
widest,2
computers,2
obsolete,1
exists,1
financial,1
critical,1
gutenbergtms,1
goals,1
ensuring,1
2001,1
created,2
sections,1
httpwwwpglaforg,1
non,1
profit,1
501c3,2
educational,1
corporation,1
organized,1
mississippi,1
exempt,2
internal,1
revenue,1
foundations,3
ein,1
federal,2
identification,1
646221541,1
httppglaforgfundraising,1
contributions,2
deductible,1
4557,1
melan,1
fairbanks,1
ak,1
99712,1
locations,2
809,1
1500,1
ut,1
84116,1
801,1
5961887,1
businesspglaforg,1
httppglaforg,2
gregory,1
newby,1
executive,1
gbnewbypglaforg,1
survive,1
licensed,1
accessible,1
outdated,1
5000,1
maintaining,1
irs,1
regulating,1
charities,1
charitable,1
50,1
paperwork,1
solicit,2
confirmation,1
solicitation,1
prohibition,1
accepting,1
unsolicited,1
donors,1
international,1
gratefully,1
treatment,1
staff,1
pages,1
donation,1
addresses,1
checks,1
httppglaforgdonate,1
5,1
professor,1
originator,1
network,1
necessarily,1
edition,1
pg,1
httpwwwgutenbergnet,1
includes,1
subscribe,1
newsletter,1
